上海,黄浦区,,200001
上海,徐汇区,,200030
上海,长宁区,,200050
上海,静安区,,200040
上海,普陀区,,200333
上海,闸北区,,200070
上海,虹口区,,200080
上海,杨浦区,,200082
上海,闵行区,,201100
上海,宝山区,,201900
上海,嘉定区,,201800
上海,浦东新区,,200135
上海,金山区,,201540
上海,松江区,,201600
上海,青浦区,,201700
上海,奉贤区,,201400
上海,崇明县,,202150
云南,昆明, 五华区,650032
云南,昆明, 盘龙区,650051
云南,昆明, 官渡区,650220
云南,昆明, 西山区,650100
云南,昆明, 东川区,654100
云南,昆明, 呈贡县,650500
云南,昆明, 晋宁县,650600
云南,昆明, 富民县,650400
云南,昆明, 宜良县,652100
云南,昆明, 石林彝族自治县,652200
云南,昆明, 嵩明县,651700
云南,昆明, 禄劝彝族苗族自治县,651500
云南,昆明, 寻甸回族彝族自治县,655200
云南,昆明, 安宁市,650300
云南,曲靖, 麒麟区,655000
云南,曲靖, 马龙县,655100
云南,曲靖, 陆良县,655600
云南,曲靖, 师宗县,655700
云南,曲靖, 罗平县,655800
云南,曲靖, 富源县,655500
云南,曲靖, 会泽县,654200
云南,曲靖, 沾益县,655500
云南,曲靖, 宣威市,655400
云南,玉溪, 红塔区,653100
云南,玉溪, 江川县,652600
云南,玉溪, 澄江县,652500
云南,玉溪, 通海县,652700
云南,玉溪, 华宁县,652800
云南,玉溪, 易门县,651100
云南,玉溪, 峨山县,653200
云南,玉溪, 新平县,653400
云南,玉溪, 元江县,653300
云南,保山, 隆阳区,678000
云南,保山, 施甸县,678200
云南,保山, 腾冲县,679100
云南,保山, 龙陵县,678300
云南,保山, 昌宁县,678100
云南,昭通, 昭阳区,657000
云南,昭通, 鲁甸县,657100
云南,昭通, 巧家县,654600
云南,昭通, 盐津县,657500
云南,昭通, 大关县,657400
云南,昭通, 永善县,657300
云南,昭通, 绥江县,657700
云南,昭通, 镇雄县,657200
云南,昭通, 彝良县,657600
云南,昭通, 威信县,657900
云南,昭通, 水富县,657800
云南,丽江, 古城区,674100
云南,丽江, 玉龙县,674100
云南,丽江, 永胜县,674200
云南,丽江, 华坪县,674800
云南,丽江, 宁蒗县,674300
云南,普洱, 思茅区,665000
云南,普洱, 宁洱县,665000
云南,普洱, 墨江县,654800
云南,普洱, 景东县,676200
云南,普洱, 景谷县,666400
云南,普洱, 镇沅县,666500
云南,普洱, 江城县,665900
云南,普洱, 孟连县,665800
云南,普洱, 澜沧县,665600
云南,普洱, 西盟县,665700
云南,临沧, 临翔区,677000
云南,临沧, 凤庆县,675900
云南,临沧, 云县,675800
云南,临沧, 永德县,677600
云南,临沧, 镇康县,677700
云南,临沧, 双江县,677300
云南,临沧, 耿马县,677500
云南,临沧, 沧源县,677400
云南,楚雄州, 楚雄市,675000
云南,楚雄州, 双柏县,675100
云南,楚雄州, 牟定县,675500
云南,楚雄州, 南华县,675200
云南,楚雄州, 姚安县,675300
云南,楚雄州, 大姚县,675400
云南,楚雄州, 永仁县,651400
云南,楚雄州, 元谋县,651300
云南,楚雄州, 武定县,651600
云南,楚雄州, 禄丰县,651200
云南,红河州, 个旧市,661000
云南,红河州, 开远市,661600
云南,红河州, 蒙自市,661100
云南,红河州, 屏边苗族自治县,661200
云南,红河州, 建水县,654300
云南,红河州, 石屏县,662200
云南,红河州, 弥勒县,652300
云南,红河州, 泸西县,652400
云南,红河州, 元阳县,662400
云南,红河州, 红河县,654400
云南,红河州, 金平苗族瑶族傣族自治县,661500
云南,红河州, 绿春县,662500
云南,红河州, 河口瑶族自治县,661300
云南,文山州, 文山县,663000
云南,文山州, 砚山县,663100
云南,文山州, 西畴县,663500
云南,文山州, 麻栗坡县 ,663600
云南,文山州, 马关县,663700
云南,文山州, 丘北县,663200
云南,文山州, 广南县,663300
云南,文山州, 富宁县,663400
云南,西双版纳州, 景洪市,666100
云南,西双版纳州, 勐海县,666200
云南,西双版纳州, 勐腊县,666300
云南,大理州, 大理市,671000
云南,大理州, 漾濞县,672500
云南,大理州, 祥云县,672100
云南,大理州, 宾川县,671600
云南,大理州, 弥渡县,675600
云南,大理州, 南涧县,675700
云南,大理州, 巍山彝族回族自治县,672400
云南,大理州, 永平县,672600
云南,大理州, 云龙县,672700
云南,大理州, 洱源县,671200
云南,大理州, 剑川县,671300
云南,大理州, 鹤庆县,671500
云南,德宏州, 瑞丽市,678600
云南,德宏州, 芒市,678400
云南,德宏州, 梁河县,679200
云南,德宏州, 盈江县,679300
云南,德宏州, 陇川县,678700
云南,怒江州, 沪水县,673200
云南,怒江州, 福贡县,673400
云南,怒江州, 贡山县,673500
云南,怒江州, 兰坪县,671400
云南,迪庆州, 香格里拉县,674400
云南,迪庆州, 德钦县,674500
云南,迪庆州, 维西傈僳族自治县,674600
北京,东城区,,100010
北京,西城区,,100032
北京,朝阳区,,100020
北京,丰台区,,100071
北京,石景山区,,100043
北京,海淀区,,100080
北京,门头沟区,,102300
北京,房山区,,102488
北京,通州区,,101149
北京,顺义区,,101300
北京,昌平区,,102200
北京,大兴区,,102600
北京,怀柔区,,101400
北京,平谷区,,101200
北京,密云县,,101500
北京,延庆县,,102100
吉林,长春市, 南关区,130000
吉林,长春市, 宽城区,130000
吉林,长春市, 朝阳区,130000
吉林,长春市, 二道区,130000
吉林,长春市, 绿园区,130000
吉林,长春市, 双阳区,130000
吉林,长春市, 农安县,130000
吉林,长春市, 九台市,130000
吉林,长春市, 榆树市,130000
吉林,长春市, 德惠市,130000
吉林,吉林市, 昌邑区,132000
吉林,吉林市, 龙潭区,132000
吉林,吉林市, 船营区,132000
吉林,吉林市, 丰满区,132000
吉林,吉林市, 永吉县,132000
吉林,吉林市, 蛟河市,132000
吉林,吉林市, 桦甸市,132000
吉林,吉林市, 舒兰市,132000
吉林,吉林市, 磐石市,132000
吉林,四平市, 铁西区,136000
吉林,四平市, 铁东区,136000
吉林,四平市, 梨树县,136000
吉林,四平市, 伊通满族自治县,136000
吉林,四平市, 公主岭市,136000
吉林,四平市, 双辽市,136000
吉林,辽源市, 龙山区,136200
吉林,辽源市, 西安区,136200
吉林,辽源市, 东丰县,136200
吉林,辽源市, 东辽县,136200
吉林,通化市, 东昌区,134000
吉林,通化市, 二道江区,134000
吉林,通化市, 通化县,134000
吉林,通化市, 辉南县,134000
吉林,通化市, 柳河县,134000
吉林,通化市, 梅河口市,134000
吉林,通化市, 集安市,134000
吉林,白山市, 浑江区,134300
吉林,白山市, 江源区,134300
吉林,白山市, 抚松县,134300
吉林,白山市, 靖宇县,134300
吉林,白山市, 长白朝鲜族自治县,134300
吉林,白山市, 临江市,134300
吉林,松原市, 宁江区,138000
吉林,松原市, 前郭尔罗斯蒙古族自治县,138000
吉林,松原市, 长岭县,138000
吉林,松原市, 乾安县,138000
吉林,松原市, 扶余县,138000
吉林,白城市, 洮北区,137000
吉林,白城市, 镇赉县,137000
吉林,白城市, 通榆县,137000
吉林,白城市, 洮南市,137000
吉林,白城市, 大安市,137000
吉林,延边州, 延吉市,133000
吉林,延边州, 图们市,133000
吉林,延边州, 敦化市,133000
吉林,延边州, 珲春市,133000
吉林,延边州, 龙井市,133000
吉林,延边州, 和龙市,133000
吉林,延边州, 汪清县,133000
吉林,延边州, 安图县,133000
四川,成都, 锦江区,610011
四川,成都, 青羊区,610031
四川,成都, 金牛区,610036
四川,成都, 武侯区,610041
四川,成都, 成华区,610066
四川,成都, 龙泉驿区,610100
四川,成都, 青白江区,610300
四川,成都, 新都区,610500
四川,成都, 温江区,611130
四川,成都, 金堂县,610400
四川,成都, 双流县,610200
四川,成都, 郫县,611730
四川,成都, 大邑县,611330
四川,成都, 蒲江县,611630
四川,成都, 新津县,611430
四川,成都, 都江堰市,611830
四川,成都, 彭州市,611930
四川,成都, 邛崃市,611530
四川,成都, 崇州市,611230
四川,自贡, 自流井区,643000
四川,自贡, 贡井区,643010
四川,自贡, 大安区,643020
四川,自贡, 沿滩区,643030
四川,自贡, 荣县,643100
四川,自贡, 富顺县,643200
四川,攀枝花, 东区,617067
四川,攀枝花, 西区,617012
四川,攀枝花, 仁和区,617061
四川,攀枝花, 米易县,617200
四川,攀枝花, 盐边县,617100
四川,泸州, 江阳区,646000
四川,泸州, 纳溪区,646300
四川,泸州, 龙马潭区,646000
四川,泸州, 泸县,646106
四川,泸州, 合江县,646200
四川,泸州, 叙永县,646400
四川,泸州, 古蔺县,646500
四川,德阳, 旌阳区,618000
四川,德阳, 中江县,618400
四川,德阳, 罗江县,618000
四川,德阳, 广汉市,618300
四川,德阳, 什邡市,618500
四川,德阳, 绵竹市,618200
四川,绵阳, 涪城区,621000
四川,绵阳, 游仙区,621022
四川,绵阳, 三台县,621000
四川,绵阳, 盐亭县,621600
四川,绵阳, 安县,622650
四川,绵阳, 梓潼县,622150
四川,绵阳, 北川县,621000
四川,绵阳, 平武县,622550
四川,绵阳, 江油市,621000
四川,广元, 利州区,628017
四川,广元, 元坝区,628021
四川,广元, 朝天区,628012
四川,广元, 旺苍县,628200
四川,广元, 青川县,628100
四川,广元, 剑阁县,628300
四川,广元, 苍溪县,628400
四川,遂宁, 船山区,629000
四川,遂宁, 安居区,629000
四川,遂宁, 蓬溪县,629100
四川,遂宁, 射洪县,629000
四川,遂宁, 大英县,629000
四川,内江, 市中区,641000
四川,内江, 东兴区,641100
四川,内江, 威远县,642450
四川,内江, 资中县,641200
四川,内江, 隆昌县,642150
四川,乐山, 市中区,614000
四川,乐山, 沙湾区,614900
四川,乐山, 五通桥区,614800
四川,乐山, 金口河区,614700
四川,乐山, 犍为县,614400
四川,乐山, 井研县,613100
四川,乐山, 夹江县,614100
四川,乐山, 沐川县,614500
四川,乐山, 峨边彝族自治县,614300
四川,乐山, 马边彝族自治县,614600
四川,乐山, 峨眉山市,614200
四川,南充, 顺庆区,637000
四川,南充, 高坪区,637100
四川,南充, 嘉陵区,637500
四川,南充, 南部县,637300
四川,南充, 营山县,637700
四川,南充, 蓬安县,637800
四川,南充, 仪陇县,637600
四川,南充, 西充县,637200
四川,南充, 阆中市,637400
四川,眉山, 东坡区,620010
四川,眉山, 仁寿县,620500
四川,眉山, 彭山县,620860
四川,眉山, 洪雅县,620360
四川,眉山, 丹棱县,620200
四川,眉山, 青神县,620460
四川,宜宾, 翠屏区,644000
四川,宜宾, 宜宾县,644600
四川,宜宾, 南溪县,644100
四川,宜宾, 江安县,644200
四川,宜宾, 长宁县,644300
四川,宜宾, 高县,645154
四川,宜宾, 珙县,644501
四川,宜宾, 筠连县,645250
四川,宜宾, 兴文县,644400
四川,宜宾, 屏山县,645350
四川,广安, 广安区,638550
四川,广安, 岳池县,638600
四川,广安, 武胜县,638300
四川,广安, 邻水县,638400
四川,广安, 华蓥市,638500
四川,达州, 通川区,635000
四川,达州, 达县,635000
四川,达州, 宣汉县,636150
四川,达州, 开江县,636250
四川,达州, 大竹县,635100
四川,达州, 渠县,635200
四川,达州, 万源市,636350
四川,雅安, 雨城区,625000
四川,雅安, 名山县,625100
四川,雅安, 荥经县,625200
四川,雅安, 汉源县,625300
四川,雅安, 石棉县,625400
四川,雅安, 天全县,625500
四川,雅安, 芦山县,625600
四川,雅安, 宝兴县,625700
四川,巴中, 巴州区,636601
四川,巴中, 通江县,636700
四川,巴中, 南江县,635600
四川,巴中, 平昌县,636400
四川,资阳, 雁江区,641300
四川,资阳, 安岳县,641300
四川,资阳, 乐至县,641500
四川,资阳, 简阳市,641400
四川,阿坝, 汶川县,624000
四川,阿坝, 理县,623100
四川,阿坝, 茂县,623200
四川,阿坝, 松潘县,623300
四川,阿坝, 九寨沟,623400
四川,阿坝, 金川县,624100
四川,阿坝, 小金县,624200
四川,阿坝, 黑水县,623500
四川,阿坝, 马尔康县,624000
四川,阿坝, 壤塘县,624300
四川,阿坝, 阿坝县,624600
四川,阿坝, 若尔盖县,624500
四川,阿坝, 红原县,624400
四川,甘孜, 康定县,626000
四川,甘孜, 泸定县,626100
四川,甘孜, 丹巴县,626300
四川,甘孜, 九龙县,616200
四川,甘孜, 雅江县,627450
四川,甘孜, 道孚县,626400
四川,甘孜, 炉霍县,626500
四川,甘孜, 甘孜县,626700
四川,甘孜, 新龙县,626800
四川,甘孜, 德格县,627250
四川,甘孜, 白玉县,627150
四川,甘孜, 石渠县,627350
四川,甘孜, 色达县,626600
四川,甘孜, 理塘县,624300
四川,甘孜, 巴塘县,627650
四川,甘孜, 乡城县,627850
四川,甘孜, 稻城县,627750
四川,甘孜, 得荣县,627950
四川,凉山州, 西昌市,615000
四川,凉山州, 木里县,615800
四川,凉山州, 盐源县,615700
四川,凉山州, 德昌县,615500
四川,凉山州, 会理县,615100
四川,凉山州, 会东县,615200
四川,凉山州, 宁南县,615400
四川,凉山州, 普格县,615300
四川,凉山州, 布拖县,615350
四川,凉山州, 金阳县,616250
四川,凉山州, 昭觉县,616150
四川,凉山州, 喜德县,616750
四川,凉山州, 冕宁县,615600
四川,凉山州, 越西县,616650
四川,凉山州, 甘洛县,616850
四川,凉山州, 美姑县,616450
四川,凉山州, 雷波县,616550
天津,和平区,,300041
天津,河东区,,300171
天津,河西区,,300202
天津,南开区,,300100
天津,河北区,,300143
天津,红桥区,,300131
天津,东丽区,,300300
天津,西青区,,300380
天津,津南区,,300350
天津,北辰区,,300400
天津,武清区,,301700
天津,宝坻区,,301800
天津,滨海新区,,300450
天津,宁河县,,301500
天津,静海县,,301600
天津,蓟县,,301900
宁夏,银川市, 兴庆区,753000
宁夏,银川市, 西夏区,753000
宁夏,银川市, 金凤区,753000
宁夏,银川市, 永宁县,753000
宁夏,银川市, 贺兰县,753000
宁夏,银川市, 灵武市,753000
宁夏,石嘴山市, 大武口区,753000
宁夏,石嘴山市, 惠农区,753000
宁夏,石嘴山市, 平罗县,753000
宁夏,吴忠市, 利通区,750000
宁夏,吴忠市, 红寺堡区,750000
宁夏,吴忠市, 盐池县,750000
宁夏,吴忠市, 同心县,750000
宁夏,吴忠市, 青铜峡市,750000
宁夏,固原市, 原州区,756000
宁夏,固原市, 西吉县,756000
宁夏,固原市, 隆德县,756000
宁夏,固原市, 泾源县,756000
宁夏,固原市, 彭阳县,756000
宁夏,中卫市, 沙坡头区,750000
宁夏,中卫市, 中宁县,750000
宁夏,中卫市, 海原县,750000
安徽,合肥市, 瑶海区,230000
安徽,合肥市, 庐阳区,230000
安徽,合肥市, 蜀山区,230000
安徽,合肥市, 包河区,230000
安徽,合肥市, 长丰县,230000
安徽,合肥市, 肥东县,230000
安徽,合肥市, 肥西县,230000
安徽,合肥市, 巢湖市,238000
安徽,合肥市, 庐江县,238000
安徽,芜湖市, 镜湖区,241000
安徽,芜湖市, 弋江区,241000
安徽,芜湖市, 鸠江区,241000
安徽,芜湖市, 三山区,241000
安徽,芜湖市, 芜湖县,241000
安徽,芜湖市, 繁昌县,241000
安徽,芜湖市, 南陵县,241000
安徽,芜湖市, 无为县,238000
安徽,蚌埠市, 龙子湖区,233000
安徽,蚌埠市, 蚌山区,233000
安徽,蚌埠市, 禹会区,233000
安徽,蚌埠市, 淮上区,233000
安徽,蚌埠市, 怀远县,233000
安徽,蚌埠市, 五河县,233000
安徽,蚌埠市, 固镇县,233000
安徽,淮南市, 大通区,232000
安徽,淮南市, 田家庵区,232000
安徽,淮南市, 谢家集区,232000
安徽,淮南市, 八公山区,232000
安徽,淮南市, 潘集区,232000
安徽,淮南市, 凤台县,232000
安徽,马鞍山, 金家庄区,243000
安徽,马鞍山, 花山区,243000
安徽,马鞍山, 雨山区,243000
安徽,马鞍山, 当涂县,243000
安徽,马鞍山, 含山县,238000
安徽,马鞍山, 和县,238000
安徽,淮北市, 杜集区,235000
安徽,淮北市, 相山区,235000
安徽,淮北市, 烈山区,235000
安徽,淮北市, 濉溪县,235000
安徽,铜陵市, 铜官山区,244000
安徽,铜陵市, 狮子山区,244000
安徽,铜陵市, 郊区,244000
安徽,铜陵市, 铜陵县,244000
安徽,安庆市, 迎江区,246000
安徽,安庆市, 大观区,246000
安徽,安庆市, 宜秀区,246000
安徽,安庆市, 怀宁县,246000
安徽,安庆市, 枞阳县,246000
安徽,安庆市, 潜山县,246000
安徽,安庆市, 太湖县,246000
安徽,安庆市, 宿松县,246000
安徽,安庆市, 望江县,246000
安徽,安庆市, 岳西县,246000
安徽,安庆市, 桐城市,246000
安徽,黄山市, 屯溪区,242700
安徽,黄山市, 黄山区,242700
安徽,黄山市, 徽州区,242700
安徽,黄山市, 歙县,242700
安徽,黄山市, 休宁县,242700
安徽,黄山市, 黟县,242700
安徽,黄山市, 祁门县,242700
安徽,滁州市, 琅琊区,239000
安徽,滁州市, 南谯区,239000
安徽,滁州市, 来安县,239000
安徽,滁州市, 全椒县,239000
安徽,滁州市, 定远县,239000
安徽,滁州市, 凤阳县,239000
安徽,滁州市, 天长市,239000
安徽,滁州市, 明光市,239000
安徽,阜阳市, 颍州区,236000
安徽,阜阳市, 颍东区,236000
安徽,阜阳市, 颍泉区,236000
安徽,阜阳市, 临泉县,236000
安徽,阜阳市, 太和县,236000
安徽,阜阳市, 阜南县,236000
安徽,阜阳市, 颍上县,236000
安徽,阜阳市, 界首市,236000
安徽,宿州市, 埇桥区,234000
安徽,宿州市, 砀山县,234000
安徽,宿州市, 萧县,234000
安徽,宿州市, 灵璧县,234000
安徽,宿州市, 泗县,234000
安徽,六安市, 金安区,237000
安徽,六安市, 裕安区,237000
安徽,六安市, 寿县,237000
安徽,六安市, 霍邱县,237000
安徽,六安市, 舒城县,237000
安徽,六安市, 金寨县,237000
安徽,六安市, 霍山县,237000
安徽,亳州市, 谯城区,236000
安徽,亳州市, 涡阳县,236000
安徽,亳州市, 蒙城县,236000
安徽,亳州市, 利辛县,236000
安徽,池州市, 贵池区,247100
安徽,池州市, 东至县,247100
安徽,池州市, 石台县,247100
安徽,池州市, 青阳县,247100
安徽,宣城市, 宣州区,242000
安徽,宣城市, 郎溪县,242000
安徽,宣城市, 广德县,242000
安徽,宣城市, 泾县,242000
安徽,宣城市, 绩溪县,242000
安徽,宣城市, 旌德县,242000
安徽,宣城市, 宁国市,242000
山东,济南, 历下区,250000
山东,济南, 市中区,250000
山东,济南, 槐荫区,250000
山东,济南, 天桥区,250000
山东,济南, 历城区,250000
山东,济南, 长清区,250000
山东,济南, 平阴县,250000
山东,济南, 济阳县,250000
山东,济南, 商河县,250000
山东,济南, 章丘市,250000
山东,青岛, 市南区,266000
山东,青岛, 市北区,266000
山东,青岛, 四方区,266000
山东,青岛, 黄岛区,266000
山东,青岛, 崂山区,266000
山东,青岛, 李沧区,266000
山东,青岛, 城阳区,266000
山东,青岛, 胶州市,266000
山东,青岛, 即墨市,266000
山东,青岛, 平度市,266000
山东,青岛, 胶南市,266000
山东,青岛, 莱西市,266000
山东,淄博, 淄川区,255000
山东,淄博, 张店区,255000
山东,淄博, 博山区,255000
山东,淄博, 临淄区,255000
山东,淄博, 周村区,255000
山东,淄博, 桓台县,255000
山东,淄博, 高青县,255000
山东,淄博, 沂源县,255000
山东,枣庄, 市中区,277100
山东,枣庄, 薛城区,277100
山东,枣庄, 峄城区,277100
山东,枣庄, 台儿庄区,277100
山东,枣庄, 山亭区,277100
山东,枣庄, 滕州市,272100
山东,东营, 东营区,257000
山东,东营, 河口区,257000
山东,东营, 垦利县,257000
山东,东营, 利津县,257000
山东,东营, 广饶县,257000
山东,烟台, 芝罘区,264000
山东,烟台, 福山区,264000
山东,烟台, 牟平区,264000
山东,烟台, 莱山区,264000
山东,烟台, 长岛县,264000
山东,烟台, 龙口市,264000
山东,烟台, 莱阳市,264000
山东,烟台, 莱州市,264000
山东,烟台, 蓬莱市,264000
山东,烟台, 招远市,264000
山东,烟台, 栖霞市,264000
山东,烟台, 海阳市,264000
山东,潍坊, 潍城区,261000
山东,潍坊, 寒亭区,261000
山东,潍坊, 坊子区,261000
山东,潍坊, 奎文区,261041
山东,潍坊, 临朐县,261000
山东,潍坊, 昌乐县,261000
山东,潍坊, 青州市,261000
山东,潍坊, 诸城市,261000
山东,潍坊, 寿光市,261000
山东,潍坊, 安丘市,261000
山东,潍坊, 高密市,261000
山东,潍坊, 昌邑市,261000
山东,济宁, 市中区,272100
山东,济宁, 任城区,272100
山东,济宁, 微山县,272100
山东,济宁, 鱼台县,272100
山东,济宁, 金乡县,272100
山东,济宁, 嘉祥县,272100
山东,济宁, 汶上县,272100
山东,济宁, 泗水县,272100
山东,济宁, 梁山县,272100
山东,济宁, 曲阜市,272100
山东,济宁, 兖州市,272100
山东,济宁, 邹城市,272100
山东,泰安, 泰山区,271000
山东,泰安, 岱岳区,271000
山东,泰安, 宁阳县,271000
山东,泰安, 东平县,271000
山东,泰安, 新泰市,271000
山东,泰安, 肥城市,271000
山东,威海, 环翠区,264200
山东,威海, 文登市,264200
山东,威海, 荣成市,264200
山东,威海, 乳山市,264200
山东,日照, 东港区,276800
山东,日照, 岚山区,276800
山东,日照, 五莲县,276800
山东,日照, 莒县,276800
山东,莱芜, 莱城区,271100
山东,莱芜, 钢城区,271100
山东,临沂, 兰山区,276000
山东,临沂, 罗庄区,276000
山东,临沂, 河东区,270034
山东,临沂, 沂南县,276000
山东,临沂, 郯城县,276000
山东,临沂, 沂水县,276000
山东,临沂, 苍山县,276000
山东,临沂, 费县,276000
山东,临沂, 平邑县,276000
山东,临沂, 莒南县,276000
山东,临沂, 蒙阴县,276000
山东,临沂, 临沭县,276000
山东,德州, 德城区,253000
山东,德州, 陵县,253000
山东,德州, 宁津县,253000
山东,德州, 庆云县,253000
山东,德州, 临邑县,253000
山东,德州, 齐河县,253000
山东,德州, 平原县,253000
山东,德州, 夏津县,253000
山东,德州, 武城县,253000
山东,德州, 乐陵市,253000
山东,德州, 禹城市,253000
山东,聊城, 东昌府区,252000
山东,聊城, 阳谷县,252000
山东,聊城, 莘县,252000
山东,聊城, 茌平县,252000
山东,聊城, 东阿县,252000
山东,聊城, 冠县,252000
山东,聊城, 高唐县,252000
山东,聊城, 临清市,252000
山东,滨州, 滨城区,256600
山东,滨州, 惠民县,256600
山东,滨州, 阳信县,256600
山东,滨州, 无棣县,256600
山东,滨州, 沾化县,256600
山东,滨州, 博兴县,256600
山东,滨州, 邹平县,256600
山东,菏泽, 牡丹区,274000
山东,菏泽, 曹县,274000
山东,菏泽, 单县,274000
山东,菏泽, 成武县,274000
山东,菏泽, 巨野县,274000
山东,菏泽, 郓城县,274000
山东,菏泽, 鄄城县,274000
山东,菏泽, 定陶县,274000
山东,菏泽, 东明县,274000
山西,太原, 小店区,030000
山西,太原, 迎泽区,030000
山西,太原, 杏花岭区,030000
山西,太原, 尖草坪区,030000
山西,太原, 万柏林区,030000
山西,太原, 晋源区,030000
山西,太原, 清徐县,030000
山西,太原, 阳曲县,030000
山西,太原, 娄烦县,030000
山西,太原, 古交市,030000
山西,大同, 城区,037000
山西,大同, 矿区,037000
山西,大同, 南郊区,037000
山西,大同, 新荣区,037000
山西,大同, 阳高县,037000
山西,大同, 天镇县,037000
山西,大同, 广灵县,037000
山西,大同, 灵丘县,037000
山西,大同, 浑源县,037000
山西,大同, 左云县,037000
山西,大同, 大同县,037000
山西,阳泉, 城区,045000
山西,阳泉, 矿区,045000
山西,阳泉, 郊区,045000
山西,阳泉, 平定县,045000
山西,阳泉, 盂县,045000
山西,长治, 城区,046000
山西,长治, 郊区,046000
山西,长治, 长治县,046000
山西,长治, 襄垣县,046000
山西,长治, 屯留县,046000
山西,长治, 平顺县,046000
山西,长治, 黎城县,046000
山西,长治, 壶关县,046000
山西,长治, 长子县,046000
山西,长治, 武乡县,046000
山西,长治, 沁县,046000
山西,长治, 沁源县,046000
山西,长治, 潞城市,046000
山西,晋城, 城区,048000
山西,晋城, 沁水县,048000
山西,晋城, 阳城县,048000
山西,晋城, 陵川县,048000
山西,晋城, 泽州县,048000
山西,晋城, 高平市,048000
山西,朔州, 朔城区,036000
山西,朔州, 平鲁区,036000
山西,朔州, 山阴县,036000
山西,朔州, 应县,036000
山西,朔州, 右玉县,036000
山西,朔州, 怀仁县,036000
山西,晋中, 榆次区,030600
山西,晋中, 榆社县,030600
山西,晋中, 左权县,030600
山西,晋中, 和顺县,030600
山西,晋中, 昔阳县,030600
山西,晋中, 寿阳县,030600
山西,晋中, 太谷县,030600
山西,晋中, 祁县,030600
山西,晋中, 平遥县,030600
山西,晋中, 灵石县,030600
山西,晋中, 介休市,030600
山西,运城, 盐湖区,044000
山西,运城, 临猗县,044000
山西,运城, 万荣县,044000
山西,运城, 闻喜县,044000
山西,运城, 稷山县,044000
山西,运城, 新绛县,044000
山西,运城, 绛县,044000
山西,运城, 垣曲县,044000
山西,运城, 夏县,044000
山西,运城, 平陆县,044000
山西,运城, 芮城县,044000
山西,运城, 永济市,044000
山西,运城, 河津市,044000
山西,忻州, 忻府区,034000
山西,忻州, 定襄县,034000
山西,忻州, 五台县,035500
山西,忻州, 代县,034000
山西,忻州, 繁峙县,034000
山西,忻州, 宁武县,034000
山西,忻州, 静乐县,034000
山西,忻州, 神池县,034000
山西,忻州, 五寨县,034000
山西,忻州, 岢岚县,034000
山西,忻州, 河曲县,034000
山西,忻州, 保德县,034000
山西,忻州, 偏关县,034000
山西,忻州, 原平市,034000
山西,临汾, 尧都区,041000
山西,临汾, 曲沃县,041000
山西,临汾, 翼城县,041000
山西,临汾, 襄汾县,041000
山西,临汾, 洪洞县,041000
山西,临汾, 古县,041000
山西,临汾, 安泽县,041000
山西,临汾, 浮山县,041000
山西,临汾, 吉县,041000
山西,临汾, 乡宁县,041000
山西,临汾, 大宁县,041000
山西,临汾, 隰县,041000
山西,临汾, 永和县,041000
山西,临汾, 蒲县,041000
山西,临汾, 汾西县,041000
山西,临汾, 侯马市,041000
山西,临汾, 霍州市,041000
山西,吕梁, 离石区,033000
山西,吕梁, 文水县,033000
山西,吕梁, 交城县,033000
山西,吕梁, 兴县,033000
山西,吕梁, 临县,033000
山西,吕梁, 柳林县,033000
山西,吕梁, 石楼县,033000
山西,吕梁, 岚县,033000
山西,吕梁, 方山县,033000
山西,吕梁, 中阳县,033000
山西,吕梁, 交口县,033000
山西,吕梁, 孝义市,033000
山西,吕梁, 汾阳市,033000
广东,广州市, 荔湾区,510000
广东,广州市, 越秀区,510030
广东,广州市, 海珠区,510000
广东,广州市, 天河区,510000
广东,广州市, 白云区,510000
广东,广州市, 黄埔区,510000
广东,广州市, 番禺区,510000
广东,广州市, 花都区,510000
广东,广州市, 南沙区,510000
广东,广州市, 萝岗区,510000
广东,广州市, 增城市,510000
广东,广州市, 从化市,510000
广东,韶关市, 武江区,512000
广东,韶关市, 浈江区,512000
广东,韶关市, 曲江区,512000
广东,韶关市, 始兴县,512000
广东,韶关市, 仁化县,512000
广东,韶关市, 翁源县,512000
广东,韶关市, 乳源县,512000
广东,韶关市, 新丰县,512000
广东,韶关市, 乐昌市,512000
广东,韶关市, 南雄市,512000
广东,深圳市, 光明新区,518000
广东,深圳市, 罗湖区,518000
广东,深圳市, 福田区,518000
广东,深圳市, 南山区,518000
广东,深圳市, 宝安区,518000
广东,深圳市, 龙岗区,518000
广东,深圳市, 盐田区,518000
广东,珠海市, 香洲区,519000
广东,珠海市, 斗门区,519000
广东,珠海市, 金湾区,519000
广东,汕头市, 龙湖区,515000
广东,汕头市, 金平区,515000
广东,汕头市, 濠江区,515000
广东,汕头市, 潮阳区,515000
广东,汕头市, 潮南区,515000
广东,汕头市, 澄海区,515000
广东,汕头市, 南澳县,515000
广东,佛山市, 禅城区,528000
广东,佛山市, 南海区,528000
广东,佛山市, 顺德区,528000
广东,佛山市, 三水区,528000
广东,佛山市, 高明区,528000
广东,江门市, 蓬江区,529000
广东,江门市, 江海区,529000
广东,江门市, 新会区,529000
广东,江门市, 台山市,529000
广东,江门市, 开平市,529000
广东,江门市, 鹤山市,529000
广东,江门市, 恩平市,529000
广东,湛江市, 赤坎区,524000
广东,湛江市, 霞山区,524000
广东,湛江市, 坡头区,524000
广东,湛江市, 麻章区,524000
广东,湛江市, 遂溪县,524000
广东,湛江市, 徐闻县,524000
广东,湛江市, 廉江市,524000
广东,湛江市, 雷州市,524000
广东,湛江市, 吴川市,524000
广东,茂名市, 茂南区,525000
广东,茂名市, 茂港区,525000
广东,茂名市, 电白县,525000
广东,茂名市, 高州市,525000
广东,茂名市, 化州市,525000
广东,茂名市, 信宜市,525000
广东,肇庆市, 端州区,526000
广东,肇庆市, 鼎湖区,526000
广东,肇庆市, 广宁县,526000
广东,肇庆市, 怀集县,526000
广东,肇庆市, 封开县,526000
广东,肇庆市, 德庆县,526000
广东,肇庆市, 高要市,526000
广东,肇庆市, 四会市,526000
广东,惠州市, 惠城区,516000
广东,惠州市, 惠阳区,516000
广东,惠州市, 博罗县,516000
广东,惠州市, 惠东县,516000
广东,惠州市, 龙门县,516000
广东,梅州市, 梅江区,514000
广东,梅州市, 梅县,514000
广东,梅州市, 大埔县,514000
广东,梅州市, 丰顺县,514000
广东,梅州市, 五华县,514000
广东,梅州市, 平远县,514000
广东,梅州市, 蕉岭县,514000
广东,梅州市, 兴宁市,514000
广东,汕尾市, 城区,516600
广东,汕尾市, 海丰县,516600
广东,汕尾市, 陆河县,516600
广东,汕尾市, 陆丰市,516600
广东,河源市, 源城区,517000
广东,河源市, 紫金县,517000
广东,河源市, 龙川县,517000
广东,河源市, 连平县,517000
广东,河源市, 和平县,517000
广东,河源市, 东源县,517000
广东,阳江市, 江城区,529500
广东,阳江市, 阳西县,529500
广东,阳江市, 阳东县,529500
广东,阳江市, 阳春市,529500
广东,清远市, 清城区,511500
广东,清远市, 佛冈县,511500
广东,清远市, 阳山县,511500
广东,清远市, 连山县,511500
广东,清远市, 连南县,511500
广东,清远市, 清新县,511500
广东,清远市, 英德市,511500
广东,清远市, 连州市,511500
广东,东莞市, 东城街道,523000
广东,东莞市, 南城街道,523000
广东,东莞市, 万江街道,523000
广东,东莞市, 莞城街道,523000
广东,东莞市, 石碣镇,523000
广东,东莞市, 石龙镇,523000
广东,东莞市, 茶山镇,523000
广东,东莞市, 石排镇,523000
广东,东莞市, 企石镇,523000
广东,东莞市, 横沥镇,523000
广东,东莞市, 桥头镇,523000
广东,东莞市, 谢岗镇,523000
广东,东莞市, 东坑镇,523000
广东,东莞市, 常平镇,523000
广东,东莞市, 寮步镇,523000
广东,东莞市, 樟木头镇,523000
广东,东莞市, 大朗镇,523000
广东,东莞市, 黄江镇,523000
广东,东莞市, 清溪镇,523000
广东,东莞市, 塘厦镇,523000
广东,东莞市, 凤岗镇,523000
广东,东莞市, 大岭山镇,523000
广东,东莞市, 长安镇,523000
广东,东莞市, 虎门镇,523000
广东,东莞市, 厚街镇,523000
广东,东莞市, 沙田镇,523000
广东,东莞市, 道滘镇,523000
广东,东莞市, 洪梅镇,523000
广东,东莞市, 麻涌镇,523000
广东,东莞市, 望牛墩镇,523000
广东,东莞市, 中堂镇,523000
广东,东莞市, 高埗镇,523000
广东,中山市, 石岐区街道,528400
广东,中山市, 东区街道,528400
广东,中山市, 火炬开发区街道,528400
广东,中山市, 西区街道,528400
广东,中山市, 南区街道,528400
广东,中山市, 五桂山街道,528400
广东,中山市, 小榄镇,528400
广东,中山市, 黄圃镇,528400
广东,中山市, 民众镇,528400
广东,中山市, 东凤镇,528400
广东,中山市, 东升镇,528400
广东,中山市, 古镇镇,528400
广东,中山市, 沙溪镇,528400
广东,中山市, 坦洲镇,528400
广东,中山市, 港口镇,528400
广东,中山市, 三角镇,528400
广东,中山市, 横栏镇,528400
广东,中山市, 南头镇,528400
广东,中山市, 阜沙镇,528400
广东,中山市, 南朗镇,528400
广东,中山市, 三乡镇,528400
广东,中山市, 板芙镇,528400
广东,中山市, 大涌镇,528400
广东,中山市, 神湾镇,528400
广东,潮州市, 湘桥区,521000
广东,潮州市, 潮安县,521000
广东,潮州市, 饶平县,521000
广东,揭阳市, 榕城区,522000
广东,揭阳市, 揭东县,522000
广东,揭阳市, 揭西县,522000
广东,揭阳市, 惠来县,522000
广东,揭阳市, 普宁市,522000
广东,云浮市, 云城区,527300
广东,云浮市, 新兴县,527300
广东,云浮市, 郁南县,527300
广东,云浮市, 云安县,527300
广东,云浮市, 罗定市,527300
广西,南宁, 兴宁区,530000
广西,南宁, 青秀区,530000
广西,南宁, 江南区,530000
广西,南宁, 西乡塘区,530000
广西,南宁, 良庆区,530000
广西,南宁, 邕宁区,530000
广西,南宁, 武鸣县,530000
广西,南宁, 隆安县,530000
广西,南宁, 马山县,530000
广西,南宁, 上林县,530000
广西,南宁, 宾阳县,530000
广西,南宁, 横县,530000
广西,柳州, 城中区,545000
广西,柳州, 鱼峰区,545000
广西,柳州, 柳南区,545000
广西,柳州, 柳北区,545000
广西,柳州, 柳江县,545000
广西,柳州, 柳城县,545000
广西,柳州, 鹿寨县,545000
广西,柳州, 融安县,545000
广西,柳州, 融水县,545000
广西,柳州, 三江县,545000
广西,桂林, 秀峰区,541000
广西,桂林, 叠彩区,541000
广西,桂林, 象山区,541000
广西,桂林, 七星区,541000
广西,桂林, 雁山区,541000
广西,桂林, 阳朔县,541000
广西,桂林, 临桂县,541000
广西,桂林, 灵川县,541000
广西,桂林, 全州县,541000
广西,桂林, 兴安县,541000
广西,桂林, 永福县,541000
广西,桂林, 灌阳县,541000
广西,桂林, 龙胜县,541000
广西,桂林, 资源县,541000
广西,桂林, 平乐县,541000
广西,桂林, 荔浦县,541000
广西,桂林, 恭城县,541000
广西,梧州, 万秀区,543000
广西,梧州, 蝶山区,543000
广西,梧州, 长洲区,543000
广西,梧州, 苍梧县,543000
广西,梧州, 藤县,543000
广西,梧州, 蒙山县,543000
广西,梧州, 岑溪市,543000
广西,北海, 海城区,536000
广西,北海, 银海区,536000
广西,北海, 铁山港区,536000
广西,北海, 合浦县,536000
广西,防城港, 港口区,538000
广西,防城港, 防城区,538000
广西,防城港, 上思县,538000
广西,防城港, 东兴市,538000
广西,钦州, 钦南区,535000
广西,钦州, 钦北区,535000
广西,钦州, 灵山县,535000
广西,钦州, 浦北区,535000
广西,贵港, 港北区,537000
广西,贵港, 港南区,537000
广西,贵港, 覃塘区,537000
广西,贵港, 平南县,537000
广西,贵港, 桂平市,537000
广西,玉林, 玉州区,537000
广西,玉林, 容县,537000
广西,玉林, 陆川县,537000
广西,玉林, 博白县,537000
广西,玉林, 兴业县,537000
广西,玉林, 北流市,537000
广西,百色, 右江区,533000
广西,百色, 田阳县,533000
广西,百色, 田东县,533000
广西,百色, 平果县,533000
广西,百色, 德保县,533000
广西,百色, 靖西县,533000
广西,百色, 那坡县,533000
广西,百色, 凌云县,533000
广西,百色, 乐业县,533000
广西,百色, 田林县,533000
广西,百色, 西林县,533000
广西,百色, 隆林县,533000
广西,贺州, 八步区,542800
广西,贺州, 昭平县,542800
广西,贺州, 钟山县,542800
广西,贺州, 富川县,542800
广西,河池, 金城江区,547000
广西,河池, 南丹县,547000
广西,河池, 天蛾县,547000
广西,河池, 凤山县,547000
广西,河池, 东兰县,547000
广西,河池, 罗城县,547000
广西,河池, 环江县,547000
广西,河池, 巴马县,547000
广西,河池, 都安县,547000
广西,河池, 大化县,547000
广西,河池, 宜州市,547000
广西,来宾, 兴宾区,542800
广西,来宾, 忻城县,542800
广西,来宾, 象州县,542800
广西,来宾, 武宣县,542800
广西,来宾, 金秀县,542800
广西,来宾, 合山市,542800
广西,崇左, 江州区,532200
广西,崇左, 扶绥县,532200
广西,崇左, 宁明县,532200
广西,崇左, 龙州县,532200
广西,崇左, 大新县,532200
广西,崇左, 天等县,532200
广西,崇左, 凭祥市,532200
新疆,乌鲁木齐市, 天山区,830002
新疆,乌鲁木齐市, 沙依巴克区,830000
新疆,乌鲁木齐市, 新市区,830011
新疆,乌鲁木齐市, 水磨沟区,830017
新疆,乌鲁木齐市, 头屯河区,830022
新疆,乌鲁木齐市, 达坂城区,830039
新疆,乌鲁木齐市, 东山区,830000
新疆,乌鲁木齐市, 乌鲁木齐县,830063
新疆,克拉玛依市, 独山子区,838621
新疆,克拉玛依市, 克拉玛依区,834000
新疆,克拉玛依市, 白碱滩区,834000
新疆,克拉玛依市, 乌尔禾区,834000
新疆,吐鲁番地区, 吐鲁番市,838000
新疆,吐鲁番地区, 鄯善县,838000
新疆,吐鲁番地区, 托克逊县,838000
新疆,哈密地区, 哈密市,839000
新疆,哈密地区, 巴里坤哈萨克自治县,839000
新疆,哈密地区, 伊吾县,839000
新疆,昌吉州, 昌吉市,831100
新疆,昌吉州, 阜康市,831100
新疆,昌吉州, 呼图壁县,831100
新疆,昌吉州, 玛纳斯县,831100
新疆,昌吉州, 奇台县,831100
新疆,昌吉州, 吉木萨尔县,831100
新疆,昌吉州, 木垒哈萨克自治县,831100
新疆,博尔塔拉州, 博乐,833000
新疆,博尔塔拉州, 精河,833000
新疆,博尔塔拉州, 温泉县,833000
新疆,巴音郭楞州, 库尔勒市,841000
新疆,巴音郭楞州, 轮台县,841000
新疆,巴音郭楞州, 尉犁县,841000
新疆,巴音郭楞州, 若羌县,841000
新疆,巴音郭楞州, 且末县,841000
新疆,巴音郭楞州, 焉耆回族自治县,841000
新疆,巴音郭楞州, 和静县,841000
新疆,巴音郭楞州, 和硕县,841000
新疆,巴音郭楞州, 博湖县,841000
新疆,阿克苏地区, 阿克苏市,843000
新疆,阿克苏地区, 温宿县,843000
新疆,阿克苏地区, 库车县,843000
新疆,阿克苏地区, 沙雅县,842200
新疆,阿克苏地区, 新和县,842100
新疆,阿克苏地区, 拜城县,842300
新疆,阿克苏地区, 乌什县,843400
新疆,阿克苏地区, 阿瓦提县,843200
新疆,阿克苏地区, 柯坪县,843600
新疆,克孜勒苏州, 阿图什市,845000
新疆,克孜勒苏州, 阿克陶,845000
新疆,克孜勒苏州, 阿合奇县,845000
新疆,克孜勒苏州, 乌恰县,845000
新疆,喀什地区, 喀什市,844000
新疆,喀什地区, 疏附县,844000
新疆,喀什地区, 疏勒县,844000
新疆,喀什地区, 英吉沙县,844000
新疆,喀什地区, 泽普县,844800
新疆,喀什地区, 莎车县,844000
新疆,喀什地区, 叶城县,844000
新疆,喀什地区, 麦盖提县,844000
新疆,喀什地区, 岳普湖县,844000
新疆,喀什地区, 伽师县,844000
新疆,喀什地区, 巴楚县,844000
新疆,喀什地区, 塔什库尔干塔吉克,844000
新疆,和田地区, 和田市,848000
新疆,和田地区, 和田县,848000
新疆,和田地区, 墨玉县,845100
新疆,和田地区, 皮山县,845150
新疆,和田地区, 洛浦县,848200
新疆,和田地区, 策勒县,848300
新疆,和田地区, 于田县,848400
新疆,和田地区, 民丰县,848500
新疆,伊犁州, 伊宁市,835000
新疆,伊犁州, 奎屯市,835000
新疆,伊犁州, 伊宁县,835000
新疆,伊犁州, 察布县,835000
新疆,伊犁州, 霍城县,835000
新疆,伊犁州, 巩留县,835000
新疆,伊犁州, 新源县,835000
新疆,伊犁州, 昭苏县,835000
新疆,伊犁州, 特克斯县,835000
新疆,伊犁州, 尼勒克县,835000
新疆,塔城地区, 塔城市,834000
新疆,塔城地区, 乌苏市,834000
新疆,塔城地区, 额敏县,834000
新疆,塔城地区, 沙湾县,834000
新疆,塔城地区, 托里县,834000
新疆,塔城地区, 裕民县,834000
新疆,塔城地区, 和布克赛尔蒙古自治县,834000
新疆,阿勒泰地区, 阿勒泰市,836500
新疆,阿勒泰地区, 布尔津县,836500
新疆,阿勒泰地区, 富蕴县,836500
新疆,阿勒泰地区, 福海县,836500
新疆,阿勒泰地区, 哈巴河县,836500
新疆,阿勒泰地区, 青河县,836500
新疆,阿勒泰地区, 吉木乃县,836500
新疆,石河子市, 新城街道,832000
新疆,石河子市, 向阳街道,832000
新疆,石河子市, 红山街道,832000
新疆,石河子市, 老街街道,832000
新疆,石河子市, 东城街道,832000
新疆,石河子市, 北泉镇,832000
新疆,石河子市, 石河子乡,832000
新疆,石河子市, 兵团一五二团,832000
新疆,阿拉尔市, 金银川路街道,843300
新疆,阿拉尔市, 幸福路街道,843300
新疆,阿拉尔市, 青松路街道,843300
新疆,阿拉尔市, 南口街道,843300
新疆,阿拉尔市, 托喀依乡,843300
新疆,阿拉尔市, 兵团七团,843300
新疆,阿拉尔市, 兵团八团,843300
新疆,阿拉尔市, 兵团十团,843300
新疆,阿拉尔市, 兵团十一团,843300
新疆,阿拉尔市, 兵团十二团,843300
新疆,阿拉尔市, 兵团十三团,843300
新疆,阿拉尔市, 兵团十四团,843300
新疆,阿拉尔市, 兵团十六团,843300
新疆,阿拉尔市, 兵团农一师水利水电工程处,843300
新疆,阿拉尔市, 兵团农一师塔里木灌溉水利管理处,843300
新疆,阿拉尔市, 阿拉尔农场,843300
新疆,图木舒克市, 齐干却勒街道,834000
新疆,图木舒克市, 前海街道,834000
新疆,图木舒克市, 永安坝街道,834000
新疆,图木舒克市, 兵团四十四团,834000
新疆,图木舒克市, 兵团四十九团,834000
新疆,图木舒克市, 兵团五十团,834000
新疆,图木舒克市, 兵团五十一团,834000
新疆,图木舒克市, 兵团五十三团,834000
新疆,图木舒克市, 喀拉拜勒镇,834000
新疆,五家渠市, 军垦路街道,834000
新疆,五家渠市, 青湖路街道,834000
新疆,五家渠市, 人民路街道,834000
新疆,五家渠市, 兵团一零一团,834000
新疆,五家渠市, 兵团一零二团,834000
新疆,五家渠市, 兵团一零三团,834000
江苏,南京, 玄武区,210018
江苏,南京, 白下区,210002
江苏,南京, 秦淮区,210001
江苏,南京, 建邺区,210004
江苏,南京, 鼓楼区,210009
江苏,南京, 下关区,210011
江苏,南京, 浦口区,211800
江苏,南京, 栖霞区,210046
江苏,南京, 雨花台区,210012
江苏,南京, 江宁区,211100
江苏,南京, 六合区,211500
江苏,南京, 溧水县,211200
江苏,南京, 高淳县,210000
江苏,无锡, 崇安区,214000
江苏,无锡, 南长区,214000
江苏,无锡, 北塘区,214000
江苏,无锡, 锡山区,214000
江苏,无锡, 惠山区,214000
江苏,无锡, 滨湖区,214000
江苏,无锡, 江阴市,214000
江苏,无锡, 宜兴市,214000
江苏,徐州, 鼓楼区,221005
江苏,徐州, 云龙区,221009
江苏,徐州, 贾汪区,221011
江苏,徐州, 泉山区,221006
江苏,徐州, 铜山区,221116
江苏,徐州, 丰县,221700
江苏,徐州, 沛县,221600
江苏,徐州, 睢宁县,221200
江苏,徐州, 新沂市,221400
江苏,徐州, 邳州市,221300
江苏,常州, 天宁区,213000
江苏,常州, 钟楼区,213000
江苏,常州, 戚墅堰区,213000
江苏,常州, 新北区,213000
江苏,常州, 武进区,213000
江苏,常州, 溧阳市,213000
江苏,常州, 金坛市,213000
江苏,苏州, 沧浪区,215000
江苏,苏州, 平江区,215000
江苏,苏州, 金阊区,215000
江苏,苏州, 虎丘区,215000
江苏,苏州, 吴中区,215000
江苏,苏州, 相城区,215000
江苏,苏州, 常熟市,215000
江苏,苏州, 张家港市,215000
江苏,苏州, 昆山市,215000
江苏,苏州, 吴江市,215000
江苏,苏州, 太仓市,215000
江苏,南通, 崇川区,226000
江苏,南通, 港闸区,226000
江苏,南通, 通州区,226000
江苏,南通, 海安县,226000
江苏,南通, 如东县,226000
江苏,南通, 启东市,226000
江苏,南通, 如皋市,226000
江苏,南通, 海门市,226000
江苏,连云港, 连云区,222000
江苏,连云港, 新浦区,222000
江苏,连云港, 海州区,222000
江苏,连云港, 赣榆县,222000
江苏,连云港, 东海县,222000
江苏,连云港, 灌云县,222000
江苏,连云港, 灌南县,222000
江苏,淮安, 清河区,223001
江苏,淮安, 楚州区,223001
江苏,淮安, 淮阴区,223001
江苏,淮安, 清浦区,223001
江苏,淮安, 涟水县,223001
江苏,淮安, 洪泽县,223001
江苏,淮安, 盱眙县,223001
江苏,淮安, 金湖县,223001
江苏,盐城, 亭湖区,224000
江苏,盐城, 盐都区,224000
江苏,盐城, 响水县,224000
江苏,盐城, 滨海县,224000
江苏,盐城, 阜宁县,224000
江苏,盐城, 射阳县,224000
江苏,盐城, 建湖县,224000
江苏,盐城, 东台市,224000
江苏,盐城, 大丰市,224000
江苏,扬州, 广陵区,225000
江苏,扬州, 邗江区,225000
江苏,扬州, 维扬区,225000
江苏,扬州, 宝应县,225000
江苏,扬州, 仪征市,225000
江苏,扬州, 高邮市,225000
江苏,扬州, 江都市,225000
江苏,镇江, 京口区,212000
江苏,镇江, 润州区,212000
江苏,镇江, 丹徒区,212000
江苏,镇江, 丹阳市,212000
江苏,镇江, 扬中市,212000
江苏,镇江, 句容市,212000
江苏,泰州, 海陵区,225300
江苏,泰州, 高港区,225300
江苏,泰州, 兴化市,225300
江苏,泰州, 靖江市,225300
江苏,泰州, 泰兴市,225300
江苏,泰州, 姜堰市,225300
江苏,宿迁, 宿城区,223800
江苏,宿迁, 宿豫区,223800
江苏,宿迁, 沭阳县,223800
江苏,宿迁, 泗阳县,223800
江苏,宿迁, 泗洪县,223800
江西,南昌, 东湖区,330000
江西,南昌, 西湖区,330000
江西,南昌, 青云谱区,330001
江西,南昌, 湾里区,330004
江西,南昌, 青山湖区,330006
江西,南昌, 南昌县,330200
江西,南昌, 新建县,330000
江西,南昌, 安义县,330500
江西,南昌, 进贤县,331700
江西,景德镇, 昌江区,333000
江西,景德镇, 珠山区,333000
江西,景德镇, 浮梁县,333000
江西,景德镇, 乐平市,333000
江西,萍乡, 安源区,337000
江西,萍乡, 湘东区,337000
江西,萍乡, 莲花县,337000
江西,萍乡, 上栗县,337000
江西,萍乡, 芦溪县,337000
江西,九江, 庐山区,332000
江西,九江, 浔阳区,332000
江西,九江, 九江县,332000
江西,九江, 武宁县,332000
江西,九江, 修水县,332000
江西,九江, 永修县,332000
江西,九江, 德安县,332000
江西,九江, 星子县,332000
江西,九江, 都昌县,332000
江西,九江, 湖口县,332000
江西,九江, 彭泽县,332000
江西,九江, 瑞昌市,332000
江西,九江, 共青城市,332000
江西,新余, 渝水区,338000
江西,新余, 分宜县,338000
江西,鹰潭, 月湖区,335000
江西,鹰潭, 余江县,335000
江西,鹰潭, 贵溪市,335000
江西,赣州, 章贡区,341000
江西,赣州, 赣县,341000
江西,赣州, 信丰县,341000
江西,赣州, 大余县,341000
江西,赣州, 上犹县,341000
江西,赣州, 崇义县,341000
江西,赣州, 安远县,341000
江西,赣州, 龙南县,341000
江西,赣州, 定南县,341000
江西,赣州, 全南县,341000
江西,赣州, 宁都县,341000
江西,赣州, 于都县,341000
江西,赣州, 兴国县,341000
江西,赣州, 会昌县,341000
江西,赣州, 寻乌县,341000
江西,赣州, 石城县,341000
江西,赣州, 瑞金市,341000
江西,赣州, 南康市,341000
江西,吉安, 吉州区,343000
江西,吉安, 青原区,343000
江西,吉安, 吉安县,343000
江西,吉安, 吉水县,343000
江西,吉安, 峡江县,343000
江西,吉安, 新干县,343000
江西,吉安, 永丰县,343000
江西,吉安, 泰和县,343700
江西,吉安, 遂川县,343900
江西,吉安, 万安县,343900
江西,吉安, 安福县,343200
江西,吉安, 永新县,343000
江西,吉安, 井岗山市,343000
江西,宜春, 袁州区,336000
江西,宜春, 奉新县,336000
江西,宜春, 万载县,336000
江西,宜春, 上高县,336000
江西,宜春, 宜丰县,336000
江西,宜春, 靖安县,336000
江西,宜春, 铜鼓县,336000
江西,宜春, 丰城市,336000
江西,宜春, 樟树市,336000
江西,宜春, 高安市,336000
江西,抚州, 临川区,344000
江西,抚州, 南城县,344000
江西,抚州, 黎川县,344000
江西,抚州, 南丰县,344000
江西,抚州, 崇仁县,344000
江西,抚州, 乐安县,344000
江西,抚州, 宜黄县,344000
江西,抚州, 金溪县,344000
江西,抚州, 资溪县,344000
江西,抚州, 东乡县,344000
江西,抚州, 广昌县,344000
江西,上饶, 信州区,334000
江西,上饶, 上饶县,334000
江西,上饶, 广丰县,334000
江西,上饶, 玉山县,334000
江西,上饶, 铅山县,334000
江西,上饶, 横峰县,334000
江西,上饶, 弋阳县,334000
江西,上饶, 余干县,334000
江西,上饶, 鄱阳县,334000
江西,上饶, 万年县,334000
江西,上饶, 婺源县,334000
江西,上饶, 德兴市,334000
河北,石家庄, 长安区,050011
河北,石家庄, 桥东区,050011
河北,石家庄, 桥西区,050051
河北,石家庄, 新华区,050051
河北,石家庄, 井陉矿区,050100
河北,石家庄, 裕华区,050081
河北,石家庄, 井陉县,050300
河北,石家庄, 正定县,050800
河北,石家庄, 栾城县,051430
河北,石家庄, 行唐县,050600
河北,石家庄, 灵寿县,050500
河北,石家庄, 高邑县,051330
河北,石家庄, 深泽县,052560
河北,石家庄, 赞皇县,051230
河北,石家庄, 无极县,052460
河北,石家庄, 平山县,050400
河北,石家庄, 元氏县,051130
河北,石家庄, 赵县,051530
河北,石家庄, 辛集市,052360
河北,石家庄, 藁城市,052160
河北,石家庄, 晋州市,052260
河北,石家庄, 新乐市,050700
河北,石家庄, 鹿泉市,050200
河北,唐山市, 路南区,063017
河北,唐山市, 路北区,063015
河北,唐山市, 古冶区,063104
河北,唐山市, 开平区,063021
河北,唐山市, 丰南区,063300
河北,唐山市, 丰润区,064000
河北,唐山市, 滦县,063700
河北,唐山市, 滦南县,063500
河北,唐山市, 乐亭县,063600
河北,唐山市, 迁西县,064300
河北,唐山市, 玉田县,064100
河北,唐山市, 唐海县,063200
河北,唐山市, 遵化市,064200
河北,唐山市, 迁安市,064400
河北,秦皇岛, 海港区,066000
河北,秦皇岛, 山海关区,066200
河北,秦皇岛, 北戴河区,066100
河北,秦皇岛, 青龙县,066500
河北,秦皇岛, 昌黎县,066600
河北,秦皇岛, 抚宁县,066300
河北,秦皇岛, 卢龙县,066400
河北,邯郸, 邯山区,056001
河北,邯郸, 丛台区,056004
河北,邯郸, 复兴区,056003
河北,邯郸, 峰峰矿区,056200
河北,邯郸, 邯郸县,056100
河北,邯郸, 临漳县,056600
河北,邯郸, 成安县,056700
河北,邯郸, 大名县,056900
河北,邯郸, 涉县,056400
河北,邯郸, 磁县,056500
河北,邯郸, 肥乡县,057550
河北,邯郸, 永年县,057150
河北,邯郸, 邱县,057450
河北,邯郸, 鸡泽县,057350
河北,邯郸, 广平县,057650
河北,邯郸, 馆陶县,057750
河北,邯郸, 魏县,056800
河北,邯郸, 曲周县,057250
河北,邯郸, 武安市,056300
河北,邢台, 桥东区,054000
河北,邢台, 桥西区,054000
河北,邢台, 邢台县,054000
河北,邢台, 临城县,054000
河北,邢台, 内丘县,054000
河北,邢台, 柏乡县,054000
河北,邢台, 隆尧县,054000
河北,邢台, 任县,054000
河北,邢台, 南和县,054000
河北,邢台, 宁晋县,054000
河北,邢台, 巨鹿县,054000
河北,邢台, 新河县,054000
河北,邢台, 广宗县,054000
河北,邢台, 平乡县,054000
河北,邢台, 威县,054000
河北,邢台, 清河县,054000
河北,邢台, 临西县,054000
河北,邢台, 南宫市,054000
河北,邢台, 沙河市,054000
河北,保定, 新市区,071000
河北,保定, 北市区,071000
河北,保定, 南市区,071000
河北,保定, 满城县,071000
河北,保定, 清苑县,071000
河北,保定, 涞水县,071000
河北,保定, 阜平县,071000
河北,保定, 徐水县,071000
河北,保定, 定兴县,071000
河北,保定, 唐县,071000
河北,保定, 高阳县,071000
河北,保定, 容城县,071000
河北,保定, 涞源县,071000
河北,保定, 望都县,071000
河北,保定, 安新县,071000
河北,保定, 易县,071000
河北,保定, 曲阳县,071000
河北,保定, 蠡县,071000
河北,保定, 顺平县,071000
河北,保定, 博野县,071000
河北,保定, 雄县,071000
河北,保定, 涿州市,071000
河北,保定, 定州市,071000
河北,保定, 安国市,071000
河北,保定, 高碑店市,071000
河北,张家口, 桥东区,050000
河北,张家口, 桥西区,050000
河北,张家口, 宣化区,050000
河北,张家口, 下花园区,050000
河北,张家口, 宣化县,050000
河北,张家口, 张北县,050000
河北,张家口, 康保县,050000
河北,张家口, 沽源县,050000
河北,张家口, 尚义县,050000
河北,张家口, 蔚县,050000
河北,张家口, 阳原县,050000
河北,张家口, 怀安县,050000
河北,张家口, 万全县,050000
河北,张家口, 怀来县,050000
河北,张家口, 涿鹿县,050000
河北,张家口, 赤城县,050000
河北,张家口, 崇礼县,050000
河北,承德, 双桥区,067000
河北,承德, 双滦区,067000
河北,承德, 鹰手营子矿区,067000
河北,承德, 承德县,067000
河北,承德, 兴隆县,067000
河北,承德, 平泉县,067000
河北,承德, 滦平县,067000
河北,承德, 隆化县,067000
河北,承德, 丰宁满族自治县,067000
河北,承德, 宽城县,067000
河北,承德, 围场满族蒙古族自治县,067000
河北,沧州, 新华区,061000
河北,沧州, 运河区,061000
河北,沧州, 沧县,061000
河北,沧州, 青县,061000
河北,沧州, 东光县,061000
河北,沧州, 海兴县,061000
河北,沧州, 盐山县,061000
河北,沧州, 肃宁县,061000
河北,沧州, 南皮县,061000
河北,沧州, 吴桥县,061000
河北,沧州, 献县,061000
河北,沧州, 孟村回族自治县,061000
河北,沧州, 泊头市,061000
河北,沧州, 任丘市,061000
河北,沧州, 黄骅市,061000
河北,沧州, 河间市,061000
河北,廊坊, 安次区,102800
河北,廊坊, 广阳区,102800
河北,廊坊, 固安县,102800
河北,廊坊, 永清县,102800
河北,廊坊, 香河县,102800
河北,廊坊, 大城县,102800
河北,廊坊, 文安县,102800
河北,廊坊, 大厂回族自治县,102800
河北,廊坊, 霸州市,102800
河北,廊坊, 三河市,102800
河北,衡水, 桃城区,053000
河北,衡水, 枣强县,053000
河北,衡水, 武邑县,053000
河北,衡水, 武强县,053000
河北,衡水, 饶阳县,053000
河北,衡水, 安平县,053000
河北,衡水, 故城县,053000
河北,衡水, 景县,053000
河北,衡水, 阜城县,053000
河北,衡水, 冀州市,053000
河北,衡水, 深州市,053000
河南,郑州, 中原区,450000
河南,郑州, 二七区,450000
河南,郑州, 管城回族区,450000
河南,郑州, 金水区,450000
河南,郑州, 上街区,450000
河南,郑州, 惠济区,450000
河南,郑州, 中牟县,450000
河南,郑州, 巩义市,450000
河南,郑州, 荥阳市,450000
河南,郑州, 新密市,450000
河南,郑州, 新郑市,450000
河南,郑州, 登封市,450000
河南,开封, 龙亭区,475000
河南,开封, 顺河回族区,475000
河南,开封, 鼓楼区,475000
河南,开封, 禹王台区,475000
河南,开封, 金明区,475000
河南,开封, 杞县,475000
河南,开封, 通许县,475000
河南,开封, 尉氏县,475000
河南,开封, 开封县,475000
河南,开封, 兰考县,475000
河南,洛阳, 老城区,471000
河南,洛阳, 西工区,471000
河南,洛阳, 瀍河区,471000
河南,洛阳, 涧西区,471000
河南,洛阳, 吉利区,471000
河南,洛阳, 洛龙区,471000
河南,洛阳, 孟津县,471000
河南,洛阳, 新安县,471000
河南,洛阳, 栾川县,471000
河南,洛阳, 嵩县,471000
河南,洛阳, 汝阳县,471000
河南,洛阳, 宜阳县,471000
河南,洛阳, 洛宁县,471000
河南,洛阳, 伊川县,471000
河南,洛阳, 偃师市,471000
河南,平顶山, 新华区,467000
河南,平顶山, 卫东区,467000
河南,平顶山, 石龙区,467000
河南,平顶山, 湛河区,467000
河南,平顶山, 宝丰县,467000
河南,平顶山, 叶县,467000
河南,平顶山, 鲁山县,467000
河南,平顶山, 郏县,467000
河南,平顶山, 舞钢市,467000
河南,平顶山, 汝州市,467000
河南,安阳, 文峰区,455000
河南,安阳, 北关区,:45500
河南,安阳, 殷都区,455000
河南,安阳, 龙安区,455000
河南,安阳, 安阳县,455000
河南,安阳, 汤阴县,455000
河南,安阳, 滑县,455000
河南,安阳, 内黄县,455000
河南,安阳, 林州市,455000
河南,鹤壁, 鹤山区,456600
河南,鹤壁, 山城区,456600
河南,鹤壁, 淇滨区,456600
河南,鹤壁, 浚县,456600
河南,鹤壁, 淇县,456600
河南,新乡, 红旗区,453000
河南,新乡, 卫滨区,453000
河南,新乡, 凤泉区,453000
河南,新乡, 牧野区,453000
河南,新乡, 新乡县,453000
河南,新乡, 获嘉县,453000
河南,新乡, 原阳县,453000
河南,新乡, 延津县,453000
河南,新乡, 封丘县,453000
河南,新乡, 长垣县,453000
河南,新乡, 卫辉市,453000
河南,新乡, 辉县市,453000
河南,焦作, 解放区,454100
河南,焦作, 中站区,454100
河南,焦作, 马村区,454100
河南,焦作, 山阳区,454100
河南,焦作, 修武县,454100
河南,焦作, 博爱县,454100
河南,焦作, 武陟县,454100
河南,焦作, 温县,454100
河南,焦作, 沁阳市,454100
河南,焦作, 孟州市,454100
河南,濮阳, 华龙区,457000
河南,濮阳, 清丰县,457000
河南,濮阳, 南乐县,457000
河南,濮阳, 范县,457000
河南,濮阳, 台前县,457000
河南,濮阳, 濮阳县,457000
河南,许昌市, 魏都区,461000
河南,许昌市, 许昌县,461000
河南,许昌市, 鄢陵县,461000
河南,许昌市, 襄城县,461000
河南,许昌市, 禹州市,461000
河南,许昌市, 长葛市,461000
河南,漯河, 源汇区,462000
河南,漯河, 郾城区,462000
河南,漯河, 召陵区,462000
河南,漯河, 舞阳县,462000
河南,漯河, 临颍县,462000
河南,三门峡, 湖滨区,472000
河南,三门峡, 渑池县,472000
河南,三门峡, 陕县,472000
河南,三门峡, 卢氏县,472000
河南,三门峡, 义马市,472000
河南,三门峡, 灵宝市,472000
河南,南阳, 宛城区,473000
河南,南阳, 卧龙区,473000
河南,南阳, 南召县,473000
河南,南阳, 方城县,473000
河南,南阳, 西峡县,473000
河南,南阳, 镇平县,473000
河南,南阳, 内乡县,473000
河南,南阳, 淅川县,473000
河南,南阳, 社旗县,473000
河南,南阳, 唐河县,473000
河南,南阳, 新野县,473000
河南,南阳, 桐柏县,473000
河南,南阳, 邓州市,473000
河南,商丘, 梁园区,476000
河南,商丘, 睢阳区,476000
河南,商丘, 民权县,476000
河南,商丘, 睢县,476000
河南,商丘, 宁陵县,476000
河南,商丘, 柘城县,476000
河南,商丘, 虞城县,476000
河南,商丘, 夏邑县,476000
河南,商丘, 永城市,476000
河南,信阳, 浉河区,471000
河南,信阳, 平桥区,464000
河南,信阳, 罗山县,464000
河南,信阳, 光山县,464000
河南,信阳, 新县,464000
河南,信阳, 商城县,464000
河南,信阳, 固始县,464000
河南,信阳, 潢川县,464000
河南,信阳, 淮滨县,464000
河南,信阳, 息县,464000
河南,周口, 川汇区,466000
河南,周口, 扶沟县,466000
河南,周口, 西华县,466000
河南,周口, 商水县,466000
河南,周口, 沈丘县,466000
河南,周口, 郸城县,466000
河南,周口, 淮阳县,466000
河南,周口, 太康县,466000
河南,周口, 鹿邑县,466000
河南,周口, 项城市,466000
河南,驻马店, 驿城区,463000
河南,驻马店, 西平县,463000
河南,驻马店, 上蔡县,463000
河南,驻马店, 平舆县,463000
河南,驻马店, 正阳县,463000
河南,驻马店, 确山县,463000
河南,驻马店, 泌阳县,463000
河南,驻马店, 汝南县,463000
河南,驻马店, 遂平县,463000
河南,驻马店, 新蔡县,463000
河南,济源, 沁园街道,454600
河南,济源, 济水街道,454600
河南,济源, 北海街道,454600
河南,济源, 天坛街道,454600
河南,济源, 玉泉街道,454600
河南,济源, 克井镇,454600
河南,济源, 五龙口镇,454600
河南,济源, 轵城镇,454600
河南,济源, 承留镇,454600
河南,济源, 邵原镇,454600
河南,济源, 坡头镇,454600
河南,济源, 梨林镇,454600
河南,济源, 大峪镇,454600
河南,济源, 思礼镇,454600
河南,济源, 王屋镇,454600
河南,济源, 下冶镇,454600
浙江,杭州, 上城区,310000
浙江,杭州, 下城区,310000
浙江,杭州, 江干区,310000
浙江,杭州, 拱墅区,310011
浙江,杭州, 西湖区,310000
浙江,杭州, 滨江区,310000
浙江,杭州, 萧山区,310000
浙江,杭州, 余杭区,310000
浙江,杭州, 桐庐县,310000
浙江,杭州, 淳安县,310000
浙江,杭州, 建德市,310000
浙江,杭州, 富阳市,310000
浙江,杭州, 临安市,310000
浙江,宁波, 海曙区,315000
浙江,宁波, 江东区,315000
浙江,宁波, 江北区,315000
浙江,宁波, 北仑区,315000
浙江,宁波, 镇海区,315000
浙江,宁波, 鄞州区,315000
浙江,宁波, 象山县,315000
浙江,宁波, 宁海县,315000
浙江,宁波, 余姚市,315000
浙江,宁波, 慈溪市,315000
浙江,宁波, 奉化市,315000
浙江,温州, 鹿城区,325000
浙江,温州, 龙湾区,325000
浙江,温州, 瓯海区,325000
浙江,温州, 洞头县,325000
浙江,温州, 永嘉县,325000
浙江,温州, 平阳县,325000
浙江,温州, 苍南县,325000
浙江,温州, 文成县,325000
浙江,温州, 泰顺县,325000
浙江,温州, 瑞安市,325000
浙江,温州, 乐清市,325000
浙江,嘉兴, 南湖区,314000
浙江,嘉兴, 秀洲区,314000
浙江,嘉兴, 嘉善县,314000
浙江,嘉兴, 海盐县,314000
浙江,嘉兴, 海宁市,314000
浙江,嘉兴, 平湖市,314000
浙江,嘉兴, 桐乡市,314000
浙江,湖州, 吴兴区,313000
浙江,湖州, 南浔区,313000
浙江,湖州, 德清县,313000
浙江,湖州, 长兴县,313000
浙江,湖州, 安吉县,313000
浙江,绍兴, 越城区,312000
浙江,绍兴, 绍兴县,312000
浙江,绍兴, 新昌县,312000
浙江,绍兴, 诸暨市,312000
浙江,绍兴, 上虞市,312000
浙江,绍兴, 嵊州市,312000
浙江,金华, 婺城区,321000
浙江,金华, 金东区,321000
浙江,金华, 武义县,321000
浙江,金华, 浦江县,321000
浙江,金华, 磐安县,321000
浙江,金华, 兰溪市,321000
浙江,金华, 义乌市,321000
浙江,金华, 东阳市,321000
浙江,金华, 永康市,321000
浙江,衢州, 柯城区,324000
浙江,衢州, 衢江区,324000
浙江,衢州, 常山县,324000
浙江,衢州, 开化县,324000
浙江,衢州, 龙游县,324000
浙江,衢州, 江山市,324000
浙江,舟山, 定海区,316000
浙江,舟山, 普陀区,316000
浙江,舟山, 岱山县,316000
浙江,舟山, 嵊泗县,316000
浙江,台州, 椒江区,318000
浙江,台州, 黄岩区,318000
浙江,台州, 路桥区,318000
浙江,台州, 玉环县,318000
浙江,台州, 三门县,318000
浙江,台州, 天台县,318000
浙江,台州, 仙居县,318000
浙江,台州, 温岭市,318000
浙江,台州, 临海市,318000
浙江,丽水, 莲都区,323000
浙江,丽水, 青田县,323000
浙江,丽水, 缙云县,323000
浙江,丽水, 遂昌县,323000
浙江,丽水, 松阳县,323000
浙江,丽水, 云和县,323000
浙江,丽水, 庆元县,323000
浙江,丽水, 景宁畲族自治县,323000
浙江,丽水, 龙泉市,323000
海南,海口市, 秀英区,570000
海南,海口市, 龙华区,570000
海南,海口市, 琼山区,570000
海南,海口市, 美兰区,570000
海南,三亚市,,572100
海南,五指山市,,570000
海南,琼海市,,571400
海南,儋州市,,578100
海南,文昌市,,571300
海南,万宁市,,570000
海南,东方市,,572600
海南,定安县,,570000
海南,屯昌县,,570000
海南,澄迈县,,570000
海南,临高县,,570000
海南,白沙县,,570000
海南,昌江县,,570000
海南,乐东县,,570000
海南,陵水县,,570000
海南,保亭县,,570000
海南,琼中县,,570000
海南,西沙群岛, 永兴岛,570000
海南,南沙群岛, 永暑礁,570000
海南,中沙群岛, 中沙岛礁,570000
湖北,武汉市, 江岸区,430014
湖北,武汉市, 江汉区,430015
湖北,武汉市, 硚口区,430033
湖北,武汉市, 汉阳区,430050
湖北,武汉市, 武昌区,430061
湖北,武汉市, 青山区,430080
湖北,武汉市, 洪山区,430070
湖北,武汉市, 东西湖区,430040
湖北,武汉市, 汉南区,430090
湖北,武汉市, 蔡甸区,430100
湖北,武汉市, 江夏区,430200
湖北,武汉市, 黄陂区,430300
湖北,武汉市, 新洲区,430400
湖北,黄石市, 黄石港区,435000
湖北,黄石市, 西塞山区,435000
湖北,黄石市, 下陆区,435000
湖北,黄石市, 铁山区,435000
湖北,黄石市, 阳新县,435000
湖北,黄石市, 大冶市,435000
湖北,十堰市, 茅箭区,442000
湖北,十堰市, 张湾区,442000
湖北,十堰市, 郧县,442000
湖北,十堰市, 郧西县,442000
湖北,十堰市, 竹山县,442000
湖北,十堰市, 竹溪县,442000
湖北,十堰市, 房县,442000
湖北,十堰市, 丹江口市,442000
湖北,宜昌市, 西陵区,443000
湖北,宜昌市, 伍家岗区,443000
湖北,宜昌市, 点军区,443000
湖北,宜昌市, 猇亭区,443000
湖北,宜昌市, 夷陵区,443000
湖北,宜昌市, 远安县,443000
湖北,宜昌市, 兴山县,443000
湖北,宜昌市, 秭归县,443000
湖北,宜昌市, 长阳县,443000
湖北,宜昌市, 五峰县,443000
湖北,宜昌市, 宜都市,443000
湖北,宜昌市, 当阳市,443000
湖北,宜昌市, 枝江市,443000
湖北,襄阳市, 襄城区,441000
湖北,襄阳市, 樊城区,441000
湖北,襄阳市, 襄州区,441000
湖北,襄阳市, 南漳县,441000
湖北,襄阳市, 谷城县,441000
湖北,襄阳市, 保康县,441000
湖北,襄阳市, 老河口市,441000
湖北,襄阳市, 枣阳市,441000
湖北,襄阳市, 宜城市,441000
湖北,鄂州市, 梁子湖区,436000
湖北,鄂州市, 华容区,436000
湖北,鄂州市, 鄂城区,436000
湖北,荆门市, 东宝区,448000
湖北,荆门市, 掇刀区,448000
湖北,荆门市, 京山县,448000
湖北,荆门市, 沙洋县,448000
湖北,荆门市, 钟祥市,448000
湖北,孝感市, 孝南区,432000
湖北,孝感市, 孝昌县,432000
湖北,孝感市, 大悟县,432000
湖北,孝感市, 云梦县,432000
湖北,孝感市, 应城市,432000
湖北,孝感市, 安陆市,432000
湖北,孝感市, 汉川市,432000
湖北,荆州市, 沙市区,434000
湖北,荆州市, 荆州区,434000
湖北,荆州市, 公安县,434000
湖北,荆州市, 监利县,434000
湖北,荆州市, 江陵县,434000
湖北,荆州市, 石首市,434000
湖北,荆州市, 洪湖市,434000
湖北,荆州市, 松滋市,434000
湖北,黄冈市, 黄州区,438000
湖北,黄冈市, 团风县,438000
湖北,黄冈市, 红安县,438000
湖北,黄冈市, 罗田县,438000
湖北,黄冈市, 英山县,438000
湖北,黄冈市, 浠水县,438000
湖北,黄冈市, 蕲春县,438000
湖北,黄冈市, 黄梅县,438000
湖北,黄冈市, 麻城市,438000
湖北,黄冈市, 武穴市,438000
湖北,咸宁市, 咸安区,437000
湖北,咸宁市, 嘉鱼县,437000
湖北,咸宁市, 通城县,437000
湖北,咸宁市, 崇阳县,437000
湖北,咸宁市, 通山县,437000
湖北,咸宁市, 赤壁市,437000
湖北,随州市, 曾都区,441300
湖北,随州市, 随县,441300
湖北,随州市, 广水市,441300
湖北,恩施州, 恩施市,445000
湖北,恩施州, 利川市,445000
湖北,恩施州, 建始县,445000
湖北,恩施州, 巴东县,445000
湖北,恩施州, 宣恩县,445000
湖北,恩施州, 咸丰县,445000
湖北,恩施州, 来凤县,445000
湖北,恩施州, 鹤峰县,445000
湖北,仙桃市, 沙嘴街道,433000
湖北,仙桃市, 干河街道,433000
湖北,仙桃市, 龙华山街道,433000
湖北,仙桃市, 郑场镇,433000
湖北,仙桃市, 毛嘴镇,433000
湖北,仙桃市, 剅河镇,433000
湖北,仙桃市, 三伏潭镇,433000
湖北,仙桃市, 胡场镇,433000
湖北,仙桃市, 长埫口镇,433000
湖北,仙桃市, 西流河镇,433000
湖北,仙桃市, 沙湖镇,433000
湖北,仙桃市, 杨林尾镇,433000
湖北,仙桃市, 彭场镇,433000
湖北,仙桃市, 张沟镇,433000
湖北,仙桃市, 郭河镇,433000
湖北,仙桃市, 沔城回族镇,433000
湖北,仙桃市, 通海口镇,433000
湖北,仙桃市, 陈场镇,433000
湖北,仙桃市, 工业园区,433000
湖北,仙桃市, 沙湖原种场,433000
湖北,仙桃市, 排湖渔场,433000
湖北,仙桃市, 五湖渔场,433000
湖北,潜江市, 园林街道,433100
湖北,潜江市, 杨市街道,433100
湖北,潜江市, 周矶街道,433100
湖北,潜江市, 广华街道,433100
湖北,潜江市, 竹根滩镇,433100
湖北,潜江市, 渔洋镇,433100
湖北,潜江市, 王场镇,433100
湖北,潜江市, 高石碑镇,433100
湖北,潜江市, 熊口镇,433100
湖北,潜江市, 老新镇,433100
湖北,潜江市, 浩口镇,433100
湖北,潜江市, 积玉口镇,433100
湖北,潜江市, 张金镇,433100
湖北,潜江市, 龙湾镇,433100
湖北,潜江市, 江汉石油管理局,433100
湖北,潜江市, 潜江经济开发区,433100
湖北,潜江市, 周矶管理区,433100
湖北,潜江市, 后湖管理区,433100
湖北,潜江市, 熊口管理区,433100
湖北,潜江市, 总口管理区,433100
湖北,潜江市, 西大垸管理区,433100
湖北,潜江市, 运粮湖管理区,433100
湖北,潜江市, 高场原种场,433100
湖北,天门市, 竟陵街道,431700
湖北,天门市, 侨乡街道,431700
湖北,天门市, 杨林街道,431700
湖北,天门市, 多宝镇,431700
湖北,天门市, 拖市镇,431700
湖北,天门市, 张港镇,431700
湖北,天门市, 蒋场镇,431700
湖北,天门市, 汪场镇,431700
湖北,天门市, 渔薪镇,431700
湖北,天门市, 黄潭镇,431700
湖北,天门市, 岳口镇,431700
湖北,天门市, 横林镇,431700
湖北,天门市, 彭市镇,431700
湖北,天门市, 麻洋镇,431700
湖北,天门市, 多祥镇,431700
湖北,天门市, 干驿镇,431700
湖北,天门市, 马湾镇,431700
湖北,天门市, 卢市镇,431700
湖北,天门市, 小板镇,431700
湖北,天门市, 九真镇,431700
湖北,天门市, 皂市镇,431700
湖北,天门市, 胡市镇,431700
湖北,天门市, 石河镇,431700
湖北,天门市, 佛子山镇,431700
湖北,天门市, 净潭乡,431700
湖北,天门市, 蒋湖农场,431700
湖北,天门市, 白茅湖农场,431700
湖北,神农架, 松柏镇,442400
湖北,神农架, 阳日镇,442400
湖北,神农架, 木鱼镇,442400
湖北,神农架, 红坪镇,442400
湖北,神农架, 新华镇,442400
湖北,神农架, 宋洛乡,442400
湖北,神农架, 九湖乡,442400
湖北,神农架, 下谷坪土家族乡,442400
湖南,长沙, 芙蓉区,410000
湖南,长沙, 天心区,410000
湖南,长沙, 岳麓区,410000
湖南,长沙, 开福区,410000
湖南,长沙, 雨花区,410000
湖南,长沙, 长沙县,410000
湖南,长沙, 望城县,410000
湖南,长沙, 宁乡县,410000
湖南,长沙, 浏阳市,410000
湖南,株洲, 荷塘区,412000
湖南,株洲, 芦淞区,412000
湖南,株洲, 石峰区,412000
湖南,株洲, 天元区,412000
湖南,株洲, 株洲县,412000
湖南,株洲, 攸县,412000
湖南,株洲, 茶陵县,412000
湖南,株洲, 炎陵县,412000
湖南,株洲, 醴陵市,412000
湖南,湘潭, 雨湖区,411100
湖南,湘潭, 岳塘区,411100
湖南,湘潭, 湘潭县,411100
湖南,湘潭, 湘乡市,411100
湖南,湘潭, 韶山市,411100
湖南,衡阳, 珠晖区,421000
湖南,衡阳, 雁峰区,421000
湖南,衡阳, 石鼓区,421000
湖南,衡阳, 蒸湘区,421000
湖南,衡阳, 南岳区,421000
湖南,衡阳, 衡阳县,421000
湖南,衡阳, 衡南县,421000
湖南,衡阳, 衡山县,421000
湖南,衡阳, 衡东县,421000
湖南,衡阳, 祁东县,421000
湖南,衡阳, 耒阳市,421000
湖南,衡阳, 常宁市,421000
湖南,邵阳, 双清区,422000
湖南,邵阳, 大祥区,422000
湖南,邵阳, 北塔区,422000
湖南,邵阳, 邵东县,422000
湖南,邵阳, 新邵县,422000
湖南,邵阳, 邵阳县,422000
湖南,邵阳, 隆回县,422000
湖南,邵阳, 洞口县,422000
湖南,邵阳, 绥宁县,422000
湖南,邵阳, 新宁县,422000
湖南,邵阳, 城步苗族自治县,422000
湖南,邵阳, 武冈市,422000
湖南,岳阳, 岳阳楼区,414000
湖南,岳阳, 云溪区,414000
湖南,岳阳, 君山区,414000
湖南,岳阳, 岳阳县,414000
湖南,岳阳, 华容县,414000
湖南,岳阳, 湘阴县,414000
湖南,岳阳, 平江县,414000
湖南,岳阳, 汨罗市,414000
湖南,岳阳, 临湘市,414000
湖南,常德, 武陵区,415000
湖南,常德, 鼎城区,415000
湖南,常德, 安乡县,415000
湖南,常德, 汉寿县,415000
湖南,常德, 澧县,415000
湖南,常德, 临澧县,415000
湖南,常德, 桃源县,415000
湖南,常德, 石门县,415000
湖南,常德, 津市市,415000
湖南,张家界, 永定区,427000
湖南,张家界, 武陵源区,427000
湖南,张家界, 慈利县,427000
湖南,张家界, 桑植县,427000
湖南,益阳, 资阳区,413000
湖南,益阳, 赫山区,413000
湖南,益阳, 南县,413000
湖南,益阳, 桃江县,413000
湖南,益阳, 安化县,413000
湖南,益阳, 沅江市,413000
湖南,郴州, 北湖区,423000
湖南,郴州, 苏仙区,423000
湖南,郴州, 桂阳县,423000
湖南,郴州, 宜章县,423000
湖南,郴州, 永兴县,423000
湖南,郴州, 嘉禾县,423000
湖南,郴州, 临武县,423000
湖南,郴州, 汝城县,423000
湖南,郴州, 桂东县,423000
湖南,郴州, 安仁县,423000
湖南,郴州, 资兴市,423000
湖南,永州, 零陵区,425000
湖南,永州, 冷水滩区,425000
湖南,永州, 祁阳县,425000
湖南,永州, 东安县,425000
湖南,永州, 双牌县,425000
湖南,永州, 道县,425000
湖南,永州, 江永县,425000
湖南,永州, 宁远县,425000
湖南,永州, 蓝山县,425000
湖南,永州, 新田县,425000
湖南,永州, 江华县,425000
湖南,怀化, 鹤城区,418000
湖南,怀化, 中方县,418000
湖南,怀化, 沅陵县,418000
湖南,怀化, 辰溪县,418000
湖南,怀化, 溆浦县,418000
湖南,怀化, 会同县,418000
湖南,怀化, 麻阳县,418000
湖南,怀化, 新晃县,418000
湖南,怀化, 芷江县,418000
湖南,怀化, 靖州县,418000
湖南,怀化, 通道县,418000
湖南,怀化, 洪江市,418000
湖南,娄底, 娄星区,417000
湖南,娄底, 双峰县,417000
湖南,娄底, 新化县,417000
湖南,娄底, 冷水江市,417000
湖南,娄底, 涟源市,417000
湖南,湘西州, 吉首市,416000
湖南,湘西州, 泸溪县,416000
湖南,湘西州, 凤凰县,416000
湖南,湘西州, 花垣县,416000
湖南,湘西州, 保靖县,416000
湖南,湘西州, 古丈县,416000
湖南,湘西州, 永顺县,416000
湖南,湘西州, 龙山县,416000
甘肃,兰州, 城关区,730000
甘肃,兰州, 七里河区,730000
甘肃,兰州, 西固区,730000
甘肃,兰州, 安宁区,730000
甘肃,兰州, 红古区,730000
甘肃,兰州, 永登县,730000
甘肃,兰州, 皋兰县,730000
甘肃,兰州, 榆中县,730000
甘肃,嘉峪关, 文殊镇,735100
甘肃,嘉峪关, 峪泉镇,735100
甘肃,嘉峪关, 新城镇,735100
甘肃,嘉峪关, 朝阳街道,735100
甘肃,嘉峪关, 峪苑街道,735100
甘肃,嘉峪关, 前进街道,735100
甘肃,嘉峪关, 建设街道,735100
甘肃,嘉峪关, 五一街道,735100
甘肃,嘉峪关, 胜利街道,735100
甘肃,嘉峪关, 新华街道,735100
甘肃,金昌, 金川区,737100
甘肃,金昌, 永昌县,737100
甘肃,白银, 白银区,730900
甘肃,白银, 平川区,730900
甘肃,白银, 靖远县,730900
甘肃,白银, 会宁县,730900
甘肃,白银, 景泰县,730900
甘肃,天水, 秦州区,741000
甘肃,天水, 麦积区,741000
甘肃,天水, 清水县,741000
甘肃,天水, 秦安县,741000
甘肃,天水, 甘谷县,741000
甘肃,天水, 武山县,741000
甘肃,天水, 张家川回族自治县,741000
甘肃,武威, 凉州区,733000
甘肃,武威, 民勤县,733000
甘肃,武威, 古浪县,733100
甘肃,武威, 天祝藏族自治县,733000
甘肃,张掖, 甘州区,734000
甘肃,张掖, 肃南裕固族自治县,734000
甘肃,张掖, 民乐县,734000
甘肃,张掖, 临泽县,734000
甘肃,张掖, 高台县,734000
甘肃,张掖, 山丹县,734000
甘肃,平凉, 崆峒区,744000
甘肃,平凉, 泾川县,744000
甘肃,平凉, 灵台县,744000
甘肃,平凉, 崇信县,744000
甘肃,平凉, 华亭县,744000
甘肃,平凉, 庄浪县,744000
甘肃,平凉, 静宁县,744000
甘肃,酒泉, 肃州区,735000
甘肃,酒泉, 金塔县,735000
甘肃,酒泉, 瓜州县,735000
甘肃,酒泉, 肃北蒙古族自治县,735000
甘肃,酒泉, 阿克塞哈萨克族自治县,735000
甘肃,酒泉, 玉门市,735000
甘肃,酒泉, 敦煌市,735000
甘肃,庆阳, 西峰区,745000
甘肃,庆阳, 庆城县,745000
甘肃,庆阳, 环县,745000
甘肃,庆阳, 华池县,745000
甘肃,庆阳, 合水县,745000
甘肃,庆阳, 正宁县,745000
甘肃,庆阳, 宁县,745000
甘肃,庆阳, 镇原县,745000
甘肃,定西, 安定区,743000
甘肃,定西, 通渭县,743300
甘肃,定西, 陇西县,748100
甘肃,定西, 渭源县,748200
甘肃,定西, 临洮县,743000
甘肃,定西, 漳县,743000
甘肃,定西, 岷县,743000
甘肃,陇南, 武都区,746000
甘肃,陇南, 成县,746000
甘肃,陇南, 文县,746000
甘肃,陇南, 宕昌县,746000
甘肃,陇南, 康县,746000
甘肃,陇南, 西和县,746000
甘肃,陇南, 礼县,746000
甘肃,陇南, 徽县,746000
甘肃,陇南, 两当县,746000
甘肃,临夏州, 临夏市,731100
甘肃,临夏州, 临夏县,731100
甘肃,临夏州, 康乐县,731100
甘肃,临夏州, 永靖县,731100
甘肃,临夏州, 广河县,731100
甘肃,临夏州, 和政县,731100
甘肃,临夏州, 东乡族自治县,731100
甘肃,临夏州, 积石山县,731100
甘肃,甘南州, 合作市,747000
甘肃,甘南州, 临潭县,747000
甘肃,甘南州, 卓尼县,747000
甘肃,甘南州, 舟曲县,747000
甘肃,甘南州, 迭部县,747000
甘肃,甘南州, 玛曲县,747000
甘肃,甘南州, 碌曲县,747000
甘肃,甘南州, 夏河县,747000
福建,福州, 鼓楼区,350001
福建,福州, 台江区,350004
福建,福州, 仓山区,350000
福建,福州, 马尾区,350000
福建,福州, 晋安区,350000
福建,福州, 闽侯县,350100
福建,福州, 连江县,350000
福建,福州, 罗源县,350600
福建,福州, 闽清县,350800
福建,福州, 永泰县,350700
福建,福州, 平潭县,350400
福建,福州, 福清市,350000
福建,福州, 长乐市,350000
福建,厦门, 思明区,361000
福建,厦门, 海沧区,361000
福建,厦门, 湖里区,361000
福建,厦门, 集美区,361000
福建,厦门, 同安区,361000
福建,厦门, 翔安区,361000
福建,莆田, 城厢区,351100
福建,莆田, 涵江区,351100
福建,莆田, 荔城区,351100
福建,莆田, 秀屿区,351100
福建,莆田, 仙游县,351100
福建,三明, 梅列区,365000
福建,三明, 三元区,365000
福建,三明, 明溪县,365000
福建,三明, 清流县,365000
福建,三明, 宁化县,365000
福建,三明, 大田县,365000
福建,三明, 尤溪县,365000
福建,三明, 沙县,365000
福建,三明, 将乐县,365000
福建,三明, 泰宁县,365000
福建,三明, 建宁县,365000
福建,三明, 永安市,365000
福建,泉州, 鲤城区,362000
福建,泉州, 丰泽区,362000
福建,泉州, 洛江区,362000
福建,泉州, 泉港区,362000
福建,泉州, 惠安县,362000
福建,泉州, 安溪县,362000
福建,泉州, 永春县,362000
福建,泉州, 德化县,362000
福建,泉州, 金门县,362000
福建,泉州, 石狮市,362000
福建,泉州, 晋江市,362000
福建,泉州, 南安市,362000
福建,漳州, 芗城区,363000
福建,漳州, 龙文区,363000
福建,漳州, 云霄县,363000
福建,漳州, 漳浦县,363000
福建,漳州, 诏安县,363000
福建,漳州, 长泰县,363000
福建,漳州, 东山县,363000
福建,漳州, 南靖县,363000
福建,漳州, 平和县,363000
福建,漳州, 华安县,363000
福建,漳州, 龙海市,363000
福建,南平, 延平区,353000
福建,南平, 顺昌县,353000
福建,南平, 浦城县,353000
福建,南平, 光泽县,353000
福建,南平, 松溪县,353000
福建,南平, 政和县,353000
福建,南平, 邵武市,353000
福建,南平, 武夷山市,353000
福建,南平, 建瓯市,353000
福建,南平, 建阳市,353000
福建,龙岩, 新罗区,364000
福建,龙岩, 长汀县,364000
福建,龙岩, 永定县,364000
福建,龙岩, 上杭县,364000
福建,龙岩, 武平县,364000
福建,龙岩, 连城县,364000
福建,龙岩, 漳平市,364400
福建,宁德, 蕉城区,352000
福建,宁德, 霞浦县,352000
福建,宁德, 古田县,352000
福建,宁德, 屏南县,352000
福建,宁德, 寿宁县,352000
福建,宁德, 周宁县,352000
福建,宁德, 柘荣县,352000
福建,宁德, 福安市,352000
福建,宁德, 福鼎市,352000
西藏,拉萨, 城关区,850000
西藏,拉萨, 林周县,850000
西藏,拉萨, 当雄县,850000
西藏,拉萨, 尼木县,850000
西藏,拉萨, 曲水县,850000
西藏,拉萨, 堆龙德庆县,850000
西藏,拉萨, 达孜县,850000
西藏,拉萨, 墨竹工卡县,850000
西藏,昌都, 昌都县,854000
西藏,昌都, 江达县,854000
西藏,昌都, 贡觉县,854000
西藏,昌都, 类乌齐县,854000
西藏,昌都, 丁青县,854000
西藏,昌都, 察雅县,854000
西藏,昌都, 八宿县,854000
西藏,昌都, 左贡县,854000
西藏,昌都, 芒康县,854000
西藏,昌都, 洛隆县,854000
西藏,昌都, 边坝县,854000
西藏,山南, 乃东县,856000
西藏,山南, 扎囊县,856000
西藏,山南, 贡嘎县,856000
西藏,山南, 桑日县,856000
西藏,山南, 琼结县,856000
西藏,山南, 曲松县,856000
西藏,山南, 措美县,856000
西藏,山南, 洛扎县,856000
西藏,山南, 加查县,856000
西藏,山南, 隆子县,856000
西藏,山南, 错那县,856000
西藏,山南, 浪卡子县,856000
西藏,日喀则, 日喀则市,857000
西藏,日喀则, 南木林县,857000
西藏,日喀则, 江孜县,857000
西藏,日喀则, 定日县,857000
西藏,日喀则, 萨迦县,857000
西藏,日喀则, 拉孜县,857000
西藏,日喀则, 昂仁县,857000
西藏,日喀则, 谢通门县,857000
西藏,日喀则, 白朗县,857000
西藏,日喀则, 仁布县,857000
西藏,日喀则, 康马县,857000
西藏,日喀则, 定结县,857000
西藏,日喀则, 仲巴县,857000
西藏,日喀则, 亚东县,857000
西藏,日喀则, 吉隆县,857000
西藏,日喀则, 聂拉木县,857000
西藏,日喀则, 萨嘎县,857000
西藏,日喀则, 岗巴县,857000
西藏,那曲, 那曲县,852000
西藏,那曲, 嘉黎县,852000
西藏,那曲, 比如县,852000
西藏,那曲, 聂荣县,852000
西藏,那曲, 安多县,852000
西藏,那曲, 申扎县,852000
西藏,那曲, 索县,852000
西藏,那曲, 班戈县,852000
西藏,那曲, 巴青县,852000
西藏,那曲, 尼玛县,852000
西藏,阿里, 普兰县,859000
西藏,阿里, 札达县,859000
西藏,阿里, 噶尔县,859000
西藏,阿里, 日土县,859000
西藏,阿里, 革吉县,859000
西藏,阿里, 改则县,859000
西藏,阿里, 措勤县,859000
西藏,林芝, 林芝县,860000
西藏,林芝, 工布江达县,860000
西藏,林芝, 米林县,860000
西藏,林芝, 墨脱县,860000
西藏,林芝, 波密县,860000
西藏,林芝, 察隅县,860000
西藏,林芝, 朗县,860000
贵州,贵阳, 南明区,550002
贵州,贵阳, 云岩区,550001
贵州,贵阳, 花溪区,550025
贵州,贵阳, 乌当区,550018
贵州,贵阳, 白云区,550014
贵州,贵阳, 小河区,550009
贵州,贵阳, 开阳县,550300
贵州,贵阳, 息烽县,551100
贵州,贵阳, 修文县,550200
贵州,贵阳, 清镇市,551400
贵州,六盘水, 钟山区,553000
贵州,六盘水, 六枝特区,553400
贵州,六盘水, 水城县,553000
贵州,六盘水, 盘县,561601
贵州,遵义, 红花岗区,563000
贵州,遵义, 汇川区,563000
贵州,遵义, 遵义县,563100
贵州,遵义, 桐梓县,563200
贵州,遵义, 绥阳县,563300
贵州,遵义, 正安县,563400
贵州,遵义, 道真县,563500
贵州,遵义, 务川仡佬族苗族自治县,564300
贵州,遵义, 凤冈县,564200
贵州,遵义, 湄潭县,564100
贵州,遵义, 余庆县,564400
贵州,遵义, 习水县,564600
贵州,遵义, 赤水市,564700
贵州,遵义, 仁怀市,564500
贵州,安顺, 西秀区,561000
贵州,安顺, 平坝县,561100
贵州,安顺, 普定县,562100
贵州,安顺, 镇宁县,561200
贵州,安顺, 关岭县,561300
贵州,安顺, 紫云县,550800
贵州,铜仁地区, 铜仁市,554300
贵州,铜仁地区, 江口县,554400
贵州,铜仁地区, 玉屏县,554000
贵州,铜仁地区, 石阡县,555100
贵州,铜仁地区, 思南县,565100
贵州,铜仁地区, 印江县,555200
贵州,铜仁地区, 德江县,565200
贵州,铜仁地区, 沿河土家族自治县,565300
贵州,铜仁地区, 松桃苗族自治县,554100
贵州,铜仁地区, 万山特区,554200
贵州,黔西南州, 兴义市,562400
贵州,黔西南州, 兴仁县,562300
贵州,黔西南州, 普安县,561500
贵州,黔西南州, 晴隆县,561400
贵州,黔西南州, 贞丰县,562200
贵州,黔西南州, 望谟县,552300
贵州,黔西南州, 册亨县,552200
贵州,黔西南州, 安龙县,552400
贵州,毕节地区, 毕节市,551700
贵州,毕节地区, 大方县,551600
贵州,毕节地区, 黔西县,551500
贵州,毕节地区, 金沙县,551800
贵州,毕节地区, 织金县,552100
贵州,毕节地区, 纳雍县,553300
贵州,毕节地区, 威宁彝族回族苗族自治县,553100
贵州,毕节地区, 赫章县,553200
贵州,黔东南州, 凯里市,556000
贵州,黔东南州, 黄平县,556100
贵州,黔东南州, 施秉县,556200
贵州,黔东南州, 三穗县,556500
贵州,黔东南州, 镇远县,557700
贵州,黔东南州, 岑巩县,557800
贵州,黔东南州, 天柱县,556600
贵州,黔东南州, 锦屏县,556700
贵州,黔东南州, 剑河县,556400
贵州,黔东南州, 台江县,556300
贵州,黔东南州, 黎平县,557300
贵州,黔东南州, 榕江县,557200
贵州,黔东南州, 从江县,557400
贵州,黔东南州, 雷山县,557100
贵州,黔东南州, 麻江县,557600
贵州,黔东南州, 丹寨县,557500
贵州,黔南州, 都匀市,558000
贵州,黔南州, 福泉市,550500
贵州,黔南州, 荔波县,558400
贵州,黔南州, 贵定县,551300
贵州,黔南州, 瓮安县,550400
贵州,黔南州, 独山县,558200
贵州,黔南州, 平塘县,558300
贵州,黔南州, 罗甸县,550100
贵州,黔南州, 长顺县,550700
贵州,黔南州, 龙里县,551200
贵州,黔南州, 惠水县,550600
贵州,黔南州, 三都水族自治县,558100
辽宁,沈阳, 和平区,110000
辽宁,沈阳, 沈河区,110000
辽宁,沈阳, 大东区,110000
辽宁,沈阳, 皇姑区,110000
辽宁,沈阳, 铁西区,110000
辽宁,沈阳, 苏家屯区,110000
辽宁,沈阳, 东陵区,110000
辽宁,沈阳, 沈北新区,110000
辽宁,沈阳, 于洪区,110000
辽宁,沈阳, 辽中县,110000
辽宁,沈阳, 康平县,110000
辽宁,沈阳, 法库县,110000
辽宁,沈阳, 新民市,110000
辽宁,大连, 中山区,116000
辽宁,大连, 西岗区,116000
辽宁,大连, 沙河口区,116000
辽宁,大连, 甘井子区,116000
辽宁,大连, 旅顺口区,116000
辽宁,大连, 金州区,116000
辽宁,大连, 长海县,116000
辽宁,大连, 瓦房店市,116000
辽宁,大连, 普兰店市,116000
辽宁,大连, 庄河市,116000
辽宁,鞍山, 铁东区,114000
辽宁,鞍山, 铁西区,114000
辽宁,鞍山, 立山区,114000
辽宁,鞍山, 千山区,114000
辽宁,鞍山, 台安县,114000
辽宁,鞍山, 岫岩满族自治县,114000
辽宁,鞍山, 海城市,114000
辽宁,抚顺, 新抚区,113000
辽宁,抚顺, 东洲区,113000
辽宁,抚顺, 望花区,113000
辽宁,抚顺, 顺城区,113000
辽宁,抚顺, 抚顺县,113000
辽宁,抚顺, 新宾满族自治县,113000
辽宁,抚顺, 清原满族自治县,113000
辽宁,本溪, 平山区,117000
辽宁,本溪, 溪湖区,117000
辽宁,本溪, 明山区,117000
辽宁,本溪, 南芬区,117000
辽宁,本溪, 本溪满族自治县,117000
辽宁,本溪, 桓仁满族自治县,117000
辽宁,丹东, 元宝区,118000
辽宁,丹东, 振兴区,118000
辽宁,丹东, 振安区,118000
辽宁,丹东, 宽甸满族自治县,118000
辽宁,丹东, 东港市,118000
辽宁,丹东, 凤城市,118000
辽宁,锦州, 古塔区,121000
辽宁,锦州, 凌河区,121000
辽宁,锦州, 太和区,121000
辽宁,锦州, 黑山县,121000
辽宁,锦州, 义县,121000
辽宁,锦州, 凌海市,121000
辽宁,锦州, 北镇市,121000
辽宁,营口, 站前区,115000
辽宁,营口, 西市区,115000
辽宁,营口, 鲅鱼圈区,115000
辽宁,营口, 老边区,115000
辽宁,营口, 盖州市,115000
辽宁,营口, 大石桥市,115000
辽宁,阜新, 海州区,123000
辽宁,阜新, 新邱区,123000
辽宁,阜新, 太平区,123000
辽宁,阜新, 清河门区,123000
辽宁,阜新, 细河区,123000
辽宁,阜新, 阜新蒙古族自治县,123000
辽宁,阜新, 彰武县,123000
辽宁,辽阳, 白塔区,111000
辽宁,辽阳, 文圣区,111000
辽宁,辽阳, 宏伟区,111000
辽宁,辽阳, 弓长岭区,111000
辽宁,辽阳, 太子河区,111000
辽宁,辽阳, 辽阳县,111000
辽宁,辽阳, 灯塔市,111000
辽宁,盘锦, 双台子区,124000
辽宁,盘锦, 兴隆台区,124000
辽宁,盘锦, 大洼县,124000
辽宁,盘锦, 盘山县,124000
辽宁,铁岭, 银州区,112000
辽宁,铁岭, 清河区,112000
辽宁,铁岭, 铁岭县,112000
辽宁,铁岭, 西丰县,112000
辽宁,铁岭, 昌图县,112000
辽宁,铁岭, 调兵山市,112000
辽宁,铁岭, 开原市,112000
辽宁,朝阳, 双塔区,122000
辽宁,朝阳, 龙城区,122000
辽宁,朝阳, 朝阳县,122000
辽宁,朝阳, 建平县,122000
辽宁,朝阳, 喀左县,122000
辽宁,朝阳, 北票市,122000
辽宁,朝阳, 凌源市,122000
辽宁,葫芦岛, 连山区,121500
辽宁,葫芦岛, 龙港区,121500
辽宁,葫芦岛, 南票区,121500
辽宁,葫芦岛, 绥中县,121500
辽宁,葫芦岛, 建昌县,121500
辽宁,葫芦岛, 兴城市,121500
重庆,万州区,,404100
重庆,涪陵区,,408000
重庆,渝中区,,400000
重庆,大渡口区,,400000
重庆,江北区,,400000
重庆,沙坪坝区,,400000
重庆,九龙坡区,,400000
重庆,南岸区,,400000
重庆,北碚区,,400700
重庆,万盛区,,400800
重庆,双桥区,,400900
重庆,渝北区,,401120
重庆,巴南区,,401320
重庆,黔江区,,409000
重庆,长寿区,,401220
重庆,江津区,,402260
重庆,合川区,,401520
重庆,永川区,,402160
重庆,南川区,,408400
重庆,綦江县,,401420
重庆,潼南县,,402660
重庆,铜梁县,,402560
重庆,大足县,,402360
重庆,荣昌县,,402460
重庆,璧山县,,402760
重庆,梁平县,,405200
重庆,城口县,,405900
重庆,丰都县,,408200
重庆,垫江县,,408300
重庆,武隆县,,408500
重庆,忠县,,404300
重庆,开县,,405400
重庆,云阳县,,404500
重庆,奉节县,,404600
重庆,巫山县,,404700
重庆,巫溪县,,405800
重庆,石柱县,,409100
重庆,秀山县,,409900
重庆,酉阳县,,409800
重庆,彭水县,,409600
陕西,西安市, 新城区,710000
陕西,西安市, 碑林区,710001
陕西,西安市, 莲湖区,710000
陕西,西安市, 灞桥区,710000
陕西,西安市, 未央区,710000
陕西,西安市, 雁塔区,710000
陕西,西安市, 阎良区,710000
陕西,西安市, 临潼区,710000
陕西,西安市, 长安区,710000
陕西,西安市, 蓝田县,710000
陕西,西安市, 周至县,710000
陕西,西安市, 户县,710000
陕西,西安市, 高陵县,710000
陕西,铜川市, 王益区,727000
陕西,铜川市, 印台区,727000
陕西,铜川市, 耀州区,727000
陕西,铜川市, 宜君县,727000
陕西,宝鸡市, 渭滨区,721000
陕西,宝鸡市, 金台区,721000
陕西,宝鸡市, 陈仓区,721000
陕西,宝鸡市, 凤翔县,721000
陕西,宝鸡市, 岐山县,721000
陕西,宝鸡市, 扶风县,721000
陕西,宝鸡市, 眉县,721000
陕西,宝鸡市, 陇县,721000
陕西,宝鸡市, 千阳县,721000
陕西,宝鸡市, 麟游县,721000
陕西,宝鸡市, 凤县,721000
陕西,宝鸡市, 太白县,721000
陕西,咸阳市, 秦都区,712000
陕西,咸阳市, 杨凌区,712000
陕西,咸阳市, 渭城区,712000
陕西,咸阳市, 三原县,712000
陕西,咸阳市, 泾阳县,712000
陕西,咸阳市, 乾县,712000
陕西,咸阳市, 礼泉县,712000
陕西,咸阳市, 永寿县,712000
陕西,咸阳市, 彬县,712000
陕西,咸阳市, 长武县,712000
陕西,咸阳市, 旬邑县,712000
陕西,咸阳市, 淳化县,712000
陕西,咸阳市, 武功县,712000
陕西,咸阳市, 兴平市,712000
陕西,渭南市, 临渭区,714000
陕西,渭南市, 华县,714000
陕西,渭南市, 潼关县,714000
陕西,渭南市, 大荔县,714000
陕西,渭南市, 合阳县,714000
陕西,渭南市, 澄城县,714000
陕西,渭南市, 蒲城县,714000
陕西,渭南市, 白水县,714000
陕西,渭南市, 富平县,714000
陕西,渭南市, 韩城市,714000
陕西,渭南市, 华阴市,714000
陕西,延安市, 宝塔区,716000
陕西,延安市, 延长县,716000
陕西,延安市, 延川县,716000
陕西,延安市, 子长县,716000
陕西,延安市, 安塞县,716000
陕西,延安市, 志丹县,716000
陕西,延安市, 吴起县,716000
陕西,延安市, 甘泉县,716000
陕西,延安市, 富县,716000
陕西,延安市, 洛川县,716000
陕西,延安市, 宜川县,716000
陕西,延安市, 黄龙县,716000
陕西,延安市, 黄陵县,716000
陕西,汉中市, 汉台区,723000
陕西,汉中市, 南郑县,723000
陕西,汉中市, 城固县,723000
陕西,汉中市, 洋县,723000
陕西,汉中市, 西乡县,723000
陕西,汉中市, 勉县,723000
陕西,汉中市, 宁强县,723000
陕西,汉中市, 略阳县,723000
陕西,汉中市, 镇巴县,723000
陕西,汉中市, 留坝县,723000
陕西,汉中市, 佛坪县,723000
陕西,榆林市, 榆阳区,719000
陕西,榆林市, 神木县,719000
陕西,榆林市, 府谷县,719000
陕西,榆林市, 横山县,719000
陕西,榆林市, 靖边县,719000
陕西,榆林市, 定边县,719000
陕西,榆林市, 绥德县,719000
陕西,榆林市, 米脂县,719000
陕西,榆林市, 佳县,719000
陕西,榆林市, 吴堡县,719000
陕西,榆林市, 清涧县,719000
陕西,榆林市, 子洲县,719000
陕西,安康市, 汉滨区,725000
陕西,安康市, 汉阴县,725000
陕西,安康市, 石泉县,725000
陕西,安康市, 宁陕县,725000
陕西,安康市, 紫阳县,725000
陕西,安康市, 岚皋县,725000
陕西,安康市, 平利县,725000
陕西,安康市, 镇坪县,725000
陕西,安康市, 旬阳县,725000
陕西,安康市, 白河县,725000
陕西,商洛市, 商州区,711400
陕西,商洛市, 洛南县,711400
陕西,商洛市, 丹凤县,711400
陕西,商洛市, 商南县,711400
陕西,商洛市, 山阳县,711400
陕西,商洛市, 镇安县,711400
陕西,商洛市, 柞水县,711400
青海,西宁, 城东区,810000
青海,西宁, 城中区,810000
青海,西宁, 城西区,810000
青海,西宁, 城北区,810000
青海,西宁, 大通县,810000
青海,西宁, 湟中县,810000
青海,西宁, 湟源县,810000
青海,海东, 平安县,810000
青海,海东, 民和回族土族自治县,810000
青海,海东, 乐都县,810000
青海,海东, 互助土族自治县,810000
青海,海东, 化隆回族自治县,810000
青海,海东, 循化撒拉族自治县,810000
青海,海北, 门源回族自治县,810200
青海,海北, 祁连县,810200
青海,海北, 海晏县,810200
青海,海北, 刚察县,810200
青海,黄南, 同仁县,811000
青海,黄南, 尖扎县,811000
青海,黄南, 泽库县,811000
青海,黄南, 河南蒙古族自治县,811000
青海,海南, 共和县,813000
青海,海南, 同德县,813000
青海,海南, 贵德县,813000
青海,海南, 兴海县,813000
青海,海南, 贵南县,813000
青海,果洛, 玛沁县,814000
青海,果洛, 班玛县,814300
青海,果洛, 甘德县,814100
青海,果洛, 达日县,814200
青海,果洛, 久治县,624700
青海,果洛, 玛多县,813500
青海,玉树, 玉树县,815000
青海,玉树, 杂多县,815000
青海,玉树, 称多县,815000
青海,玉树, 治多县,815000
青海,玉树, 囊谦县,815000
青海,玉树, 曲麻莱县,815000
青海,海西州, 茫崖行委,817000
青海,海西州, 大柴旦行委,817000
青海,海西州, 冷湖行委,817000
青海,海西州, 格尔木市,817000
青海,海西州, 德令哈市,817000
青海,海西州, 乌兰县,817000
青海,海西州, 都兰县,817000
青海,海西州, 天峻县,817000
内蒙古,呼和浩特, 新城区,010000
内蒙古,呼和浩特, 回民区,010000
内蒙古,呼和浩特, 玉泉区,010000
内蒙古,呼和浩特, 赛罕区,010000
内蒙古,呼和浩特, 土默特左旗,010000
内蒙古,呼和浩特, 托克托县,010000
内蒙古,呼和浩特, 和林格尔县,010000
内蒙古,呼和浩特, 清水河县,010000
内蒙古,呼和浩特, 武川县,010000
内蒙古,包头市, 东河区,014000
内蒙古,包头市, 昆都仑区,014000
内蒙古,包头市, 青山区,014000
内蒙古,包头市, 石拐区,014000
内蒙古,包头市, 白云鄂博矿区,014000
内蒙古,包头市, 九原区,014000
内蒙古,包头市, 土默特右旗,014000
内蒙古,包头市, 固阳县,014000
内蒙古,包头市, 达尔罕旗,014000
内蒙古,乌海市, 海勃湾区,016000
内蒙古,乌海市, 海南区,016000
内蒙古,乌海市, 乌达区,016000
内蒙古,赤峰市, 红山区,024000
内蒙古,赤峰市, 元宝山区,024000
内蒙古,赤峰市, 松山区,024000
内蒙古,赤峰市, 阿鲁旗,024000
内蒙古,赤峰市, 巴林左旗,024000
内蒙古,赤峰市, 巴林右旗,024000
内蒙古,赤峰市, 林西县,024000
内蒙古,赤峰市, 克什克腾旗,024000
内蒙古,赤峰市, 翁牛特旗,024000
内蒙古,赤峰市, 喀喇沁旗,024000
内蒙古,赤峰市, 宁城县,024000
内蒙古,赤峰市, 敖汉旗,024000
内蒙古,通辽市, 科尔沁区,028000
内蒙古,通辽市, 科尔沁左翼中旗,028000
内蒙古,通辽市, 科尔沁左翼后旗,028000
内蒙古,通辽市, 开鲁县,028000
内蒙古,通辽市, 库伦旗,028000
内蒙古,通辽市, 奈曼旗,028000
内蒙古,通辽市, 扎鲁特旗,028000
内蒙古,通辽市, 霍林郭勒市,028000
内蒙古,鄂尔多斯, 东胜区,014300
内蒙古,鄂尔多斯, 达拉特旗,014300
内蒙古,鄂尔多斯, 准格尔旗,014300
内蒙古,鄂尔多斯, 鄂托克前旗,014300
内蒙古,鄂尔多斯, 鄂托克旗,014300
内蒙古,鄂尔多斯, 杭锦旗,014300
内蒙古,鄂尔多斯, 乌审旗,014300
内蒙古,鄂尔多斯, 伊金霍洛旗,014300
内蒙古,呼伦贝尔, 海拉尔区,021000
内蒙古,呼伦贝尔, 阿荣旗,021000
内蒙古,呼伦贝尔, 莫力达瓦达斡尔族自治旗,021000
内蒙古,呼伦贝尔, 鄂伦春自治旗,021000
内蒙古,呼伦贝尔, 鄂温克族自治旗,021000
内蒙古,呼伦贝尔, 陈巴尔虎旗,021000
内蒙古,呼伦贝尔, 新巴尔虎左旗,021000
内蒙古,呼伦贝尔, 新巴尔虎右旗,021000
内蒙古,呼伦贝尔, 满洲里,021000
内蒙古,呼伦贝尔, 牙克石市,021000
内蒙古,呼伦贝尔, 扎兰屯市,021000
内蒙古,呼伦贝尔, 额尔古纳市,021000
内蒙古,呼伦贝尔, 根河市,021000
内蒙古,巴彦淖尔, 临河区,015000
内蒙古,巴彦淖尔, 五原县,015000
内蒙古,巴彦淖尔, 磴口县,015000
内蒙古,巴彦淖尔, 乌拉特前旗,015000
内蒙古,巴彦淖尔, 乌拉特中旗,015000
内蒙古,巴彦淖尔, 乌拉特后旗,015000
内蒙古,巴彦淖尔, 杭锦后旗,015000
内蒙古,乌兰察布, 集宁区,012000
内蒙古,乌兰察布, 卓资县,012000
内蒙古,乌兰察布, 化德县,012000
内蒙古,乌兰察布, 商都县,012000
内蒙古,乌兰察布, 兴和县,012000
内蒙古,乌兰察布, 凉城县,012000
内蒙古,乌兰察布, 察哈尔右翼前旗,012000
内蒙古,乌兰察布, 察哈尔右翼中旗,012000
内蒙古,乌兰察布, 察哈尔右翼后旗,012000
内蒙古,乌兰察布, 四子王旗,012000
内蒙古,乌兰察布, 丰镇市,012000
内蒙古,兴安盟, 乌兰浩特市,137000
内蒙古,兴安盟, 阿尔山市,137000
内蒙古,兴安盟, 科尔沁右翼前旗,137000
内蒙古,兴安盟, 科尔沁右翼中旗,137000
内蒙古,兴安盟, 扎赉特旗,137000
内蒙古,兴安盟, 突泉县,137000
内蒙古,锡林郭勒盟, 二连浩特市,011000
内蒙古,锡林郭勒盟, 锡林浩特市,011000
内蒙古,锡林郭勒盟, 阿巴嘎旗,011000
内蒙古,锡林郭勒盟, 苏尼特左旗,011000
内蒙古,锡林郭勒盟, 苏尼特右旗,011000
内蒙古,锡林郭勒盟, 东乌珠穆沁旗,011000
内蒙古,锡林郭勒盟, 西乌珠穆沁,011000
内蒙古,锡林郭勒盟, 太仆寺旗,011000
内蒙古,锡林郭勒盟, 镶黄旗,011000
内蒙古,锡林郭勒盟, 正镶白旗,011000
内蒙古,锡林郭勒盟, 正蓝旗,011000
内蒙古,锡林郭勒盟, 多伦县,027300
内蒙古,阿拉善盟, 阿拉善左旗,750000
内蒙古,阿拉善盟, 阿拉善右旗,750000
内蒙古,阿拉善盟, 额济纳旗,750000
黑龙江,哈尔滨, 道里区,150000
黑龙江,哈尔滨, 南岗区,150000
黑龙江,哈尔滨, 道外区,150000
黑龙江,哈尔滨, 平房区,150000
黑龙江,哈尔滨, 松北区,150000
黑龙江,哈尔滨, 香坊区,150000
黑龙江,哈尔滨, 呼兰区,150000
黑龙江,哈尔滨, 阿城区 ,150000
黑龙江,哈尔滨, 依兰县,150000
黑龙江,哈尔滨, 方正县,150000
黑龙江,哈尔滨, 宾县,150000
黑龙江,哈尔滨, 巴彦县,150000
黑龙江,哈尔滨, 木兰县,150000
黑龙江,哈尔滨, 通河县,150000
黑龙江,哈尔滨, 延寿县,150000
黑龙江,哈尔滨, 双城市,150000
黑龙江,哈尔滨, 尚志市,150000
黑龙江,哈尔滨, 五常市,150000
黑龙江,齐齐哈尔, 龙沙区,161000
黑龙江,齐齐哈尔, 建华区,161000
黑龙江,齐齐哈尔, 铁锋区,161000
黑龙江,齐齐哈尔, 昂昂溪区,161000
黑龙江,齐齐哈尔, 富拉尔基区,161000
黑龙江,齐齐哈尔, 碾子山区,161000
黑龙江,齐齐哈尔, 梅里斯达斡尔族区,161000
黑龙江,齐齐哈尔, 龙江县,161000
黑龙江,齐齐哈尔, 依安县,161000
黑龙江,齐齐哈尔, 泰来县,161000
黑龙江,齐齐哈尔, 甘南县,161000
黑龙江,齐齐哈尔, 富裕县,161000
黑龙江,齐齐哈尔, 克山县,161000
黑龙江,齐齐哈尔, 克东县,161000
黑龙江,齐齐哈尔, 拜泉县,161000
黑龙江,齐齐哈尔, 讷河市,161000
黑龙江,鸡西, 鸡冠区,158100
黑龙江,鸡西, 恒山市,158100
黑龙江,鸡西, 滴道区,158100
黑龙江,鸡西, 梨树区,158100
黑龙江,鸡西, 城子河区,158100
黑龙江,鸡西, 麻山区,158100
黑龙江,鸡西, 鸡东县,158100
黑龙江,鸡西, 虎林市,158100
黑龙江,鸡西, 密山市,158100
黑龙江,鹤岗, 向阳区,154000
黑龙江,鹤岗, 工农区,154100
黑龙江,鹤岗, 南山区,154100
黑龙江,鹤岗, 兴安区,154100
黑龙江,鹤岗, 东山区,154100
黑龙江,鹤岗, 兴山区,154100
黑龙江,鹤岗, 萝北县,154100
黑龙江,鹤岗, 绥滨县,154100
黑龙江,双鸭山, 尖山区,155100
黑龙江,双鸭山, 岭东区,155100
黑龙江,双鸭山, 四方台区,155100
黑龙江,双鸭山, 宝山区,155100
黑龙江,双鸭山, 集贤县,155100
黑龙江,双鸭山, 友谊县,155100
黑龙江,双鸭山, 宝清县,155100
黑龙江,双鸭山, 饶河县,155100
黑龙江,大庆, 萨尔图区,163000
黑龙江,大庆, 龙凤区,163000
黑龙江,大庆, 让胡路区,163000
黑龙江,大庆, 红岗区,163000
黑龙江,大庆, 大同区,163000
黑龙江,大庆, 肇州县,163000
黑龙江,大庆, 肇源县,163000
黑龙江,大庆, 林甸县,163000
黑龙江,大庆, 杜尔伯特蒙古族自治县,163000
黑龙江,伊春, 伊春区,153000
黑龙江,伊春, 南岔区,153000
黑龙江,伊春, 友好区,153000
黑龙江,伊春, 西林区,153000
黑龙江,伊春, 翠峦区,153000
黑龙江,伊春, 新青区,153000
黑龙江,伊春, 美溪区,153000
黑龙江,伊春, 金山屯,153000
黑龙江,伊春, 五营区,153000
黑龙江,伊春, 乌马河,153000
黑龙江,伊春, 汤旺河,153000
黑龙江,伊春, 带岭区,153000
黑龙江,伊春, 乌伊岭,153000
黑龙江,伊春, 红星区,153000
黑龙江,伊春, 上甘岭,153000
黑龙江,伊春, 嘉荫县,153000
黑龙江,伊春, 铁力市,153000
黑龙江,佳木斯, 向阳区,154000
黑龙江,佳木斯, 前进区,154000
黑龙江,佳木斯, 东风区,154000
黑龙江,佳木斯, 郊区,154000
黑龙江,佳木斯, 桦南县,154000
黑龙江,佳木斯, 桦川县,154000
黑龙江,佳木斯, 汤原县,154000
黑龙江,佳木斯, 抚远县,154000
黑龙江,佳木斯, 同江市,154000
黑龙江,佳木斯, 富锦市,154000
黑龙江,七台河, 新兴区,154600
黑龙江,七台河, 桃山市,154600
黑龙江,七台河, 茄子河区,154600
黑龙江,七台河, 勃利县,154600
黑龙江,牡丹江, 东安区,157000
黑龙江,牡丹江, 阳明区,157000
黑龙江,牡丹江, 爱民区,157000
黑龙江,牡丹江, 西安区,157000
黑龙江,牡丹江, 东宁县,157000
黑龙江,牡丹江, 林口县,157000
黑龙江,牡丹江, 绥芬河市,157000
黑龙江,牡丹江, 海林市,157000
黑龙江,牡丹江, 宁安市,157000
黑龙江,牡丹江, 穆棱市,157000
黑龙江,黑河, 爱辉区,164300
黑龙江,黑河, 嫩江县,164300
黑龙江,黑河, 逊克县,164300
黑龙江,黑河, 孙吴县,164300
黑龙江,黑河, 北安市,164300
黑龙江,黑河, 五大连池市,164300
黑龙江,绥化, 北林区,152000
黑龙江,绥化, 望奎县,152000
黑龙江,绥化, 兰西县,152000
黑龙江,绥化, 青冈县,152000
黑龙江,绥化, 庆安县,152000
黑龙江,绥化, 明水县,152000
黑龙江,绥化, 绥棱县,152000
黑龙江,绥化, 安达市,152000
黑龙江,绥化, 肇东市,152000
黑龙江,绥化, 海伦市,152000
黑龙江,大兴安岭, 加格达奇区,165000
黑龙江,大兴安岭, 松岭区,165000
黑龙江,大兴安岭, 新林区,165000
黑龙江,大兴安岭, 呼中区,165000
黑龙江,大兴安岭, 呼玛县,165000
黑龙江,大兴安岭, 塔河县,165000
黑龙江,大兴安岭, 漠河县,165000
